Fold,Availability_Mask,Condition,Available_Modalities,Missing_Modalities,Missing_Count,Case,Dice,IoU,HD95_mm,ASSD_mm,TP,FP,FN,N_Pred,N_Ref,Pred_Empty,Ref_Empty,Spacing_ZYX
all,10,flair_only,FLAIR,T1,1,WMH2017_Amsterdam_GE1T5_150,0.7873259721555449,0.6492478226444972,3,0.7697467251669424,820,241,202,1061,1022,false,false,"(3.0, 1.2108999490737915, 1.3000465631484985)"
all,10,flair_only,FLAIR,T1,1,WMH2017_Amsterdam_GE1T5_151,0.8965243033696697,0.8124549603651213,1.2999284267425537,0.392270499584824,13529,1945,1178,15474,14707,false,false,"(3.0, 1.210900068283081, 1.2999284267425537)"
all,10,flair_only,FLAIR,T1,1,WMH2017_Amsterdam_GE1T5_152,0.838693715982187,0.722198551342139,1.3000555038452148,0.3841957829512198,1695,554,98,2249,1793,false,false,"(3.0, 1.2108999490737915, 1.3000555038452148)"
all,10,flair_only,FLAIR,T1,1,WMH2017_Amsterdam_GE1T5_153,0.4919614147909968,0.326226012793177,22.67647407624634,5.0117227773837705,153,97,219,250,372,false,false,"(3.0, 1.2108999490737915, 1.2999553680419922)"
all,10,flair_only,FLAIR,T1,1,WMH2017_Amsterdam_GE1T5_154,0.8714448236632537,0.7721774193548387,1.300066351890564,0.34993148785212536,2681,704,87,3385,2768,false,false,"(2.999999761581421, 1.2108999490737915, 1.300066351890564)"
all,10,flair_only,FLAIR,T1,1,WMH2017_Amsterdam_GE1T5_155,0.8206948478003657,0.695913900036483,1.300118327140808,0.43941351190498096,3815,1301,366,5116,4181,false,false,"(3.0, 1.210900068283081, 1.300118327140808)"
all,10,flair_only,FLAIR,T1,1,WMH2017_Amsterdam_GE1T5_156,0.7340241796200345,0.5798090040927695,3.235162853190997,0.8192954963884692,425,237,71,662,496,false,false,"(3.0, 1.2108999490737915, 1.3000555038452148)"
all,10,flair_only,FLAIR,T1,1,WMH2017_Amsterdam_GE1T5_157,0.7763496143958869,0.634453781512605,4.293691208860551,1.282461812816126,151,47,40,198,191,false,false,"(3.0, 1.210900068283081, 1.3000556230545044)"
all,10,flair_only,FLAIR,T1,1,WMH2017_Amsterdam_GE1T5_158,0.7742102537545313,0.6316011829319814,3,0.5392211302451527,1495,561,311,2056,1806,false,false,"(3.0, 1.210900068283081, 1.2999554872512817)"
all,10,flair_only,FLAIR,T1,1,WMH2017_Amsterdam_GE1T5_159,0.8375042618479372,0.7204364148287189,1.2999554872512817,0.4113233916192032,6141,1815,568,7956,6709,false,false,"(3.0, 1.210900068283081, 1.2999554872512817)"
all,10,flair_only,FLAIR,T1,1,WMH2017_Amsterdam_GE3T_111,0.7028701701058047,0.5418657052726453,13.868884500851427,1.9029853030719994,6012,1379,3704,7391,9716,false,false,"(3.0, 0.976599931716919, 1.2000000476837158)"
all,10,flair_only,FLAIR,T1,1,WMH2017_Amsterdam_GE3T_117,0.8785947017991217,0.7834765032844871,1.5471740500248867,0.4364734235519982,12404,2113,1315,14517,13719,false,false,"(3.0, 0.976599931716919, 1.2000000476837158)"
all,10,flair_only,FLAIR,T1,1,WMH2017_Amsterdam_GE3T_118,0.7079796264855688,0.5479632063074902,8.293517439138977,1.3368479025454958,417,74,270,491,687,false,false,"(3.0, 0.976599931716919, 1.2000000476837158)"
all,10,flair_only,FLAIR,T1,1,WMH2017_Amsterdam_GE3T_119,0.932647124636384,0.8737945492662473,1.2000000476837158,0.2315900771727754,10420,756,749,11176,11169,false,false,"(3.0, 0.976599931716919, 1.2000000476837158)"
all,10,flair_only,FLAIR,T1,1,WMH2017_Amsterdam_GE3T_120,0.8106838861168183,0.6816386969397829,3,0.5068235669063526,1381,235,410,1616,1791,false,false,"(3.0, 0.976599931716919, 1.2000000476837158)"
all,10,flair_only,FLAIR,T1,1,WMH2017_Amsterdam_GE3T_121,0.8498554667573542,0.7389118864577173,1.953199863433838,0.6993929878714299,2499,634,249,3133,2748,false,false,"(3.0, 0.976599931716919, 1.2000000476837158)"
all,10,flair_only,FLAIR,T1,1,WMH2017_Amsterdam_GE3T_122,0.7877681424007302,0.6498493975903614,2.929799795150757,0.4995200865091528,863,367,98,1230,961,false,false,"(3.0, 0.976599931716919, 1.2000000476837158)"
all,10,flair_only,FLAIR,T1,1,WMH2017_Amsterdam_GE3T_123,0.44642857142857145,0.28735632183908044,12.55167504344048,2.9951056957425912,175,54,380,229,555,false,false,"(3.0, 0.976599931716919, 1.2000000476837158)"
all,10,flair_only,FLAIR,T1,1,WMH2017_Amsterdam_GE3T_124,0.8020100502512563,0.6694630872483222,1.953199863433838,0.4268147083944444,798,254,140,1052,938,false,false,"(3.0, 0.976599931716919, 1.2000000476837158)"
all,10,flair_only,FLAIR,T1,1,WMH2017_Amsterdam_GE3T_125,0.6706827309236948,0.5045317220543807,3.44698583221425,1.1653389396534106,167,98,66,265,233,false,false,"(3.0, 0.976599931716919, 1.2000178098678589)"
all,10,flair_only,FLAIR,T1,1,WMH2017_Amsterdam_GE3T_127,0.7904890085240018,0.6535608308605341,2.2923764570765606,0.4760397090660563,881,366,101,1247,982,false,false,"(3.0, 0.976599931716919, 1.2000000476837158)"
all,10,flair_only,FLAIR,T1,1,WMH2017_Amsterdam_GE3T_128,0.8455106395248255,0.7323676323676324,1.953199863433838,0.5508632278526425,14662,4277,1081,18939,15743,false,false,"(3.0, 0.976599931716919, 1.2000000476837158)"
all,10,flair_only,FLAIR,T1,1,WMH2017_Amsterdam_GE3T_129,0.8953419461894038,0.8105150214592275,1.2000000476837158,0.2440728925391243,7554,838,928,8392,8482,false,false,"(3.0, 0.976599931716919, 1.2000000476837158)"
all,10,flair_only,FLAIR,T1,1,WMH2017_Amsterdam_GE3T_130,0.766579634464752,0.6215071972904318,3,0.6296525758471659,734,272,175,1006,909,false,false,"(3.0, 0.976599931716919, 1.2000000476837158)"
all,10,flair_only,FLAIR,T1,1,WMH2017_Amsterdam_GE3T_131,0.7668939863608184,0.6219205630970337,2.2923241649482518,0.44352437300449427,1237,530,222,1767,1459,false,false,"(3.0, 0.976599931716919, 1.1999001502990723)"
all,10,flair_only,FLAIR,T1,1,WMH2017_Amsterdam_GE3T_133,0.8240544984731031,0.7007590890930883,1.1999001502990723,0.38068564443500974,1754,673,76,2427,1830,false,false,"(3.0, 0.976599931716919, 1.1999001502990723)"
all,10,flair_only,FLAIR,T1,1,WMH2017_Amsterdam_GE3T_134,0.8193077167354715,0.6939214631522324,2.929799795150757,0.6424795804511111,3870,1096,611,4966,4481,false,false,"(3.0, 0.976599931716919, 1.2000000476837158)"
all,10,flair_only,FLAIR,T1,1,WMH2017_Amsterdam_GE3T_135,0.880466472303207,0.7864583333333334,2.2923764570765606,0.45336936551583645,14194,3421,433,17615,14627,false,false,"(3.0, 0.976599931716919, 1.2000000476837158)"
all,10,flair_only,FLAIR,T1,1,WMH2017_Amsterdam_GE3T_136,0.7168262653898769,0.55863539445629,2.9719199180603044,0.6388977958541276,262,148,59,410,321,false,false,"(3.0, 0.976599931716919, 1.199997901916504)"
all,10,flair_only,FLAIR,T1,1,WMH2017_Amsterdam_GE3T_138,0.6929740134744947,0.5301914580265096,6.232531580906441,1.078233738971992,360,144,175,504,535,false,false,"(3.0, 0.976599931716919, 1.2000000476837158)"
all,10,flair_only,FLAIR,T1,1,WMH2017_Amsterdam_GE3T_139,0.7425275301520713,0.5904920767306089,2.4000000953674316,0.551894250018704,708,262,229,970,937,false,false,"(3.0, 0.976599931716919, 1.2000000476837158)"
all,10,flair_only,FLAIR,T1,1,WMH2017_Amsterdam_GE3T_140,0.8691174709615614,0.7685302837780601,1.2000000476837158,0.3045465147486438,3629,932,161,4561,3790,false,false,"(3.0, 0.976599931716919, 1.2000000476837158)"
all,10,flair_only,FLAIR,T1,1,WMH2017_Amsterdam_GE3T_141,0.602308499475341,0.43093093093093093,7.454449325462087,1.486354523027625,287,109,270,396,557,false,false,"(3.0, 0.976599931716919, 1.2000000476837158)"
all,10,flair_only,FLAIR,T1,1,WMH2017_Amsterdam_GE3T_142,0.8638118638118638,0.7602718566573988,1.5471740500248867,0.3962414026940502,7383,2169,159,9552,7542,false,false,"(3.0, 0.976599931716919, 1.2000000476837158)"
all,10,flair_only,FLAIR,T1,1,WMH2017_Amsterdam_GE3T_143,0.8818033516239063,0.7885941644562334,1.2000000476837158,0.2985830627168642,2973,661,136,3634,3109,false,false,"(3.0, 0.976599931716919, 1.2000000476837158)"
all,10,flair_only,FLAIR,T1,1,WMH2017_Amsterdam_GE3T_145,0.8448372615039281,0.7313577847947534,1.2000000476837158,0.38464023650112045,3011,835,271,3846,3282,false,false,"(3.0, 0.976599931716919, 1.2000000476837158)"
all,10,flair_only,FLAIR,T1,1,WMH2017_Amsterdam_GE3T_146,0.7513276379589009,0.6017011834319527,3.7301137323944658,0.7355891264613644,1627,569,508,2196,2135,false,false,"(3.0, 0.976599931716919, 1.2000000476837158)"
all,10,flair_only,FLAIR,T1,1,WMH2017_Amsterdam_GE3T_147,0.7779960707269156,0.6366559485530546,3,0.6210753356510723,1782,649,368,2431,2150,false,false,"(3.0, 0.976599931716919, 1.2000000476837158)"
all,10,flair_only,FLAIR,T1,1,WMH2017_Amsterdam_GE3T_148,0.77847891066091,0.6373028820010875,3.0943481000497735,3.706288666346286,3516,1879,122,5395,3638,false,false,"(3.0, 0.976599931716919, 1.2000000476837158)"
all,10,flair_only,FLAIR,T1,1,WMH2017_Amsterdam_GE3T_149,0.7389483480688692,0.5859778597785977,2.4000000953674316,0.5258909668310733,1588,1000,122,2588,1710,false,false,"(3.0, 0.976599931716919, 1.2000000476837158)"
all,10,flair_only,FLAIR,T1,1,WMH2017_Amsterdam_Philips_VU_PETMR_01_160,0.8278741795021771,0.7063014610074575,2.157283875353723,0.6613829766296867,25477,7787,2807,33264,28284,false,false,"(3.0, 1.0416665077209473, 0.55999755859375)"
all,10,flair_only,FLAIR,T1,1,WMH2017_Amsterdam_Philips_VU_PETMR_01_161,0.8313228378654672,0.7113365990202939,1.1826522645894333,0.3040396668503341,6099,1861,614,7960,6713,false,false,"(3.0, 1.0416665077209473, 0.55999755859375)"
all,10,flair_only,FLAIR,T1,1,WMH2017_Amsterdam_Philips_VU_PETMR_01_162,0.7351930740689845,0.5812690134724033,3.0518186816439408,0.7037908858214565,2675,1090,837,3765,3512,false,false,"(3.0, 1.0416665077209473, 0.55999755859375)"
all,10,flair_only,FLAIR,T1,1,WMH2017_Amsterdam_Philips_VU_PETMR_01_163,0.649802371541502,0.4812646370023419,18.35123703095862,1.9737047780326245,411,201,242,612,653,false,false,"(3.0, 1.0416667461395264, 0.5600060820579529)"
all,10,flair_only,FLAIR,T1,1,WMH2017_Amsterdam_Philips_VU_PETMR_01_164,0.8087323244852394,0.6788837984173262,3,0.5525263611608718,1630,464,307,2094,1937,false,false,"(3.0, 1.0416665077209473, 0.55999755859375)"
all,10,flair_only,FLAIR,T1,1,WMH2017_Amsterdam_Philips_VU_PETMR_01_165,0.7980117487573429,0.6639097744360902,2.0833330154418945,0.49990711670523225,1766,379,515,2145,2281,false,false,"(3.0, 1.0416665077209473, 0.55999755859375)"
all,10,flair_only,FLAIR,T1,1,WMH2017_Amsterdam_Philips_VU_PETMR_01_166,0.8683544303797468,0.767337807606264,1.529528743054996,0.9506184164125605,5145,998,562,6143,5707,false,false,"(3.0, 1.0416665077209473, 0.55999755859375)"
all,10,flair_only,FLAIR,T1,1,WMH2017_Amsterdam_Philips_VU_PETMR_01_167,0.7409939236111112,0.5885546841334137,37.89945388965307,2.8784898756759087,6829,2537,2237,9366,9066,false,false,"(3.0, 1.0416665077209473, 0.55999755859375)"
all,10,flair_only,FLAIR,T1,1,WMH2017_Amsterdam_Philips_VU_PETMR_01_168,0.5879120879120879,0.4163424124513619,50.244052509396774,5.234643656354789,321,70,380,391,701,false,false,"(3.0, 1.0416665077209473, 0.5600128173828125)"
all,10,flair_only,FLAIR,T1,1,WMH2017_Amsterdam_Philips_VU_PETMR_01_169,0.8323363932484453,0.7128220734428891,2.0833330154418945,0.4217620651024169,7027,1588,1243,8615,8270,false,false,"(3.0, 1.0416665077209473, 0.5600128173828125)"
all,10,flair_only,FLAIR,T1,1,WMH2017_Singapore_070,0.7948442534908701,0.6595365418894831,3.000000476837158,0.5016870577540595,2220,910,236,3130,2456,false,false,"(3.000000476837158, 0.9999999403953552, 0.9999999403953552)"
all,10,flair_only,FLAIR,T1,1,WMH2017_Singapore_071,0.9041095890410958,0.825,1,0.5086178752747533,7623,761,856,8384,8479,false,false,"(2.999997615814209, 1.0, 1.0)"
all,10,flair_only,FLAIR,T1,1,WMH2017_Singapore_072,0.8971180501072232,0.8134307123209713,2.8284270404524943,0.8017491322289279,25728,3247,2654,28975,28382,false,false,"(3.00000262260437, 0.9999999403953552, 1.0)"
all,10,flair_only,FLAIR,T1,1,WMH2017_Singapore_073,0.52,0.35135135135135137,28.948239640509726,3.926583262481535,312,245,331,557,643,false,false,"(3.0000011920928955, 1.0, 0.9999999403953552)"
all,10,flair_only,FLAIR,T1,1,WMH2017_Singapore_074,0.779404341241797,0.6385442514474773,3.1622742674127227,0.6731178418543924,772,189,248,961,1020,false,false,"(2.9999964237213135, 1.0, 1.0)"
all,10,flair_only,FLAIR,T1,1,WMH2017_Singapore_075,0.7379310344827587,0.5846994535519126,3.1622801481894514,0.7534690556428063,321,97,131,418,452,false,false,"(3.00000262260437, 1.0, 0.9999999403953552)"
all,10,flair_only,FLAIR,T1,1,WMH2017_Singapore_076,0.6877049180327869,0.5240474703310432,3.741656813293556,1.0172574164267485,839,97,665,936,1504,false,false,"(2.9999992847442627, 1.0, 1.0)"
all,10,flair_only,FLAIR,T1,1,WMH2017_Singapore_077,0.8046006720082709,0.6730810810810811,2.9999990463256836,0.46648659537079684,3113,626,886,3739,3999,false,false,"(2.9999990463256836, 1.0, 1.0)"
all,10,flair_only,FLAIR,T1,1,WMH2017_Singapore_078,0.6044520547945206,0.4331288343558282,9.345783134469258,1.79671894148728,706,85,839,791,1545,false,false,"(3.0000009536743164, 0.9999999403953552, 1.0)"
all,10,flair_only,FLAIR,T1,1,WMH2017_Singapore_079,0.8142589118198874,0.6867088607594937,2.9999998211860657,0.4874415402429468,2387,936,153,3323,2540,false,false,"(3.0000014305114746, 1.0, 0.9999999403953552)"
all,10,flair_only,FLAIR,T1,1,WMH2017_Singapore_080,0.8518991382061921,0.7420072282457604,3,0.4711572055651658,5338,938,918,6276,6256,false,false,"(3.0000009536743164, 1.0, 0.9999999403953552)"
all,10,flair_only,FLAIR,T1,1,WMH2017_Singapore_081,0.864274678111588,0.7609891770965597,3.0000007152557373,0.5272775206624811,12586,2135,1818,14721,14404,false,false,"(3.0000007152557373, 1.0, 1.0)"
all,10,flair_only,FLAIR,T1,1,WMH2017_Singapore_082,0.8861797880824883,0.7956219312602292,1,0.2920956771848284,3889,787,212,4676,4101,false,false,"(3.0000011920928955, 1.0, 1.0)"
all,10,flair_only,FLAIR,T1,1,WMH2017_Singapore_083,0.8130489335006273,0.6849894291754757,3,0.513680726317401,1296,337,259,1633,1555,false,false,"(3.0, 1.0, 1.0)"
all,10,flair_only,FLAIR,T1,1,WMH2017_Singapore_084,0.8732030962034648,0.7749427543343147,1,0.31854950085856126,7107,1239,825,8346,7932,false,false,"(2.999995708465576, 1.0, 1.0)"
all,10,flair_only,FLAIR,T1,1,WMH2017_Singapore_085,0.8652414452564715,0.7624894667148189,1.4142135623730951,0.37920927230041845,6334,1553,420,7887,6754,false,false,"(2.9999992847442627, 1.0, 1.0)"
all,10,flair_only,FLAIR,T1,1,WMH2017_Singapore_086,0.8408732623130941,0.7254368611935378,2,0.509038376701852,8801,3081,250,11882,9051,false,false,"(2.9999969005584717, 1.0, 1.0)"
all,10,flair_only,FLAIR,T1,1,WMH2017_Singapore_087,0.8925978695976661,0.8060286729567455,1,0.3122695113083563,6578,1403,180,7981,6758,false,false,"(3.000000476837158, 1.0, 1.0)"
all,10,flair_only,FLAIR,T1,1,WMH2017_Singapore_088,0.7013792366085748,0.540095504692903,3.605551275463989,1.5125760252818363,3280,1441,1352,4721,4632,false,false,"(3.0, 0.9999999403953552, 1.0)"
all,10,flair_only,FLAIR,T1,1,WMH2017_Singapore_089,0.5962264150943396,0.42473118279569894,11.205425675664406,1.9053034199116419,158,50,164,208,322,false,false,"(2.9999992847442627, 1.0, 1.0)"
all,10,flair_only,FLAIR,T1,1,WMH2017_Singapore_090,0.7734252585396427,0.6305569749616761,2,0.4444052299051094,1234,512,211,1746,1445,false,false,"(2.9999988079071045, 1.0, 1.0)"
all,10,flair_only,FLAIR,T1,1,WMH2017_Singapore_091,0.6325185302002838,0.46254266998800625,11.57583739709985,3.5268339907004282,20054,1080,22222,21134,42276,false,false,"(3.000001907348633, 1.0, 1.0)"
all,10,flair_only,FLAIR,T1,1,WMH2017_Singapore_092,0.8543013426156141,0.7456597222222222,2,0.4213223274311945,6872,1789,555,8661,7427,false,false,"(2.9999985694885254, 1.0, 1.0000001192092896)"
all,10,flair_only,FLAIR,T1,1,WMH2017_Singapore_093,0.8004716363159964,0.6673219746614242,3.0000030994415283,1.5937546945975358,3055,931,592,3986,3647,false,false,"(3.0000030994415283, 1.0, 0.9999999403953552)"
all,10,flair_only,FLAIR,T1,1,WMH2017_Singapore_094,0.8405144090866422,0.7249028497409327,2.23606797749979,0.4563236154287442,8954,2659,739,11613,9693,false,false,"(3.0000016689300537, 1.0, 1.0)"
all,10,flair_only,FLAIR,T1,1,WMH2017_Singapore_095,0.8998268612416522,0.8178956834532374,1,0.27097135724934407,5457,665,550,6122,6007,false,false,"(3.0000009536743164, 1.0, 1.0)"
all,10,flair_only,FLAIR,T1,1,WMH2017_Singapore_096,0.8999951524552814,0.8181738057465185,1.4142135623730951,0.3395132715082157,18566,2236,1890,20802,20456,false,false,"(3.0, 1.0, 1.0)"
all,10,flair_only,FLAIR,T1,1,WMH2017_Singapore_097,0.8368658149324274,0.7194920634920635,3.1622786101400426,0.8315775511718111,5666,712,1497,6378,7163,false,false,"(3.0000014305114746, 1.0, 1.0)"
all,10,flair_only,FLAIR,T1,1,WMH2017_Singapore_098,0.8195777351247601,0.6943089430894309,2.9999983310699463,1.4713159059485348,1281,359,205,1640,1486,false,false,"(2.9999983310699463, 1.0, 0.9999999403953552)"
all,10,flair_only,FLAIR,T1,1,WMH2017_Singapore_099,0.8160651920838184,0.6892822025565388,3.3166249880416454,0.6850540597087319,701,169,147,870,848,false,false,"(3.000000238418579, 0.9999999403953552, 1.0)"
all,10,flair_only,FLAIR,T1,1,WMH2017_Utrecht_001,0.5047575894879928,0.3375757575757576,18.925335044137167,3.5744247889293312,557,36,1057,593,1614,false,false,"(2.9999992847442627, 0.9583333730697632, 0.9583333730697632)"
all,10,flair_only,FLAIR,T1,1,WMH2017_Utrecht_003,0.8306485502171173,0.7103497843794921,2.1428983540425994,0.5814087171634916,5930,1176,1242,7106,7172,false,false,"(3.000004291534424, 0.9583333730697632, 0.9583332538604736)"
all,10,flair_only,FLAIR,T1,1,WMH2017_Utrecht_005,0.5814360770577933,0.40987654320987654,13.778003578583828,3.015712327104916,332,52,426,384,758,false,false,"(3.0000009536743164, 0.9583332538604736, 0.9583333134651184)"
all,10,flair_only,FLAIR,T1,1,WMH2017_Utrecht_007,0.8908182567783868,0.8031310127689347,0.9583333730697632,0.40030912019590337,9183,966,1285,10149,10468,false,false,"(3.000000238418579, 0.9583333730697632, 0.9583332538604736)"
all,10,flair_only,FLAIR,T1,1,WMH2017_Utrecht_009,0.7620770851406617,0.615609482620535,5.653324208979753,1.488570918185549,46119,1464,27333,47583,73452,false,false,"(3.0000007152557373, 0.9583333134651184, 0.9583333730697632)"
all,10,flair_only,FLAIR,T1,1,WMH2017_Utrecht_010,0.5098493626882966,0.3421461897356143,18.12709012194274,3.624091322301993,1540,167,2794,1707,4334,false,false,"(2.999997138977051, 0.9583333730697632, 0.9583333730697632)"
all,10,flair_only,FLAIR,T1,1,WMH2017_Utrecht_012,0.4926372155287818,0.3268206039076377,17.257165516394334,3.6108938871894094,184,12,367,196,551,false,false,"(3.0000009536743164, 0.9583333134651184, 0.9583333134651184)"
all,10,flair_only,FLAIR,T1,1,WMH2017_Utrecht_013,0.886760232669833,0.796558170749245,1.35528788488262,0.34105065026189696,16617,1965,2279,18582,18896,false,false,"(3.0000007152557373, 0.9583332538604736, 0.9583332538604736)"
all,10,flair_only,FLAIR,T1,1,WMH2017_Utrecht_014,0.7689682629962462,0.624653483644428,3.14934957407034,0.6566052074113032,3380,235,1796,3615,5176,false,false,"(3.0, 0.9583333134651184, 0.9583333134651184)"
all,10,flair_only,FLAIR,T1,1,WMH2017_Utrecht_015,0.6199536897211316,0.4492267289174205,8.624999311566352,1.6420270154922862,3079,451,3324,3530,6403,false,false,"(3.0, 0.9583333134651184, 0.9583332538604736)"
all,10,flair_only,FLAIR,T1,1,WMH2017_Utrecht_016,0.838175166774263,0.7214298944248935,2.1428981674505443,0.49645857999496124,3895,723,781,4618,4676,false,false,"(3.000000476837158, 0.9583331942558289, 0.9583331942558289)"
all,10,flair_only,FLAIR,T1,1,WMH2017_Utrecht_018,0.7141807494489346,0.5554285714285714,6.635896427804966,1.437762857938616,486,98,291,584,777,false,false,"(3.0, 0.9583333134651184, 0.9583333134651184)"
all,10,flair_only,FLAIR,T1,1,WMH2017_Utrecht_020,0.6999273111742549,0.5383755209921725,7.120004813988229,1.5880955163008426,5296,2215,2326,7511,7622,false,false,"(3.0000009536743164, 0.9583333730697632, 0.9583333730697632)"
all,10,flair_only,FLAIR,T1,1,WMH2017_Utrecht_022,0.81054838353746,0.6814471243042671,5.316813559465817,0.8640563686995825,3673,775,942,4448,4615,false,false,"(2.9999942779541016, 0.9583333730697632, 0.9583333730697632)"
all,10,flair_only,FLAIR,T1,1,WMH2017_Utrecht_024,0.8898682042833608,0.8015878904800772,1.3552880113231662,0.4344053948093956,10803,798,1876,11601,12679,false,false,"(2.999999761581421, 0.9583333134651184, 0.9583333730697632)"
all,10,flair_only,FLAIR,T1,1,WMH2017_Utrecht_026,0.8743566602434324,0.7767617231515992,3.4553199006837887,1.8051490352355997,17923,1535,3616,19458,21539,false,false,"(2.999999761581421, 0.9583333134651184, 0.9583333134651184)"
all,10,flair_only,FLAIR,T1,1,WMH2017_Utrecht_028,0.9141740124663446,0.8419157608695652,0.9583333730697632,0.2760401871041202,12393,492,1835,12885,14228,false,false,"(2.999997138977051, 0.9583333730697632, 0.9583332538604736)"
all,10,flair_only,FLAIR,T1,1,WMH2017_Utrecht_030,0.8966249704979938,0.812620320855615,0.9583333730697632,0.3333053276509378,7598,970,782,8568,8380,false,false,"(2.9999983310699463, 0.9583333730697632, 0.9583333730697632)"
all,10,flair_only,FLAIR,T1,1,WMH2017_Utrecht_032,0.746793349168646,0.5959059893858984,3.833333730697632,0.986038317549864,4716,2902,296,7618,5012,false,false,"(3.000000238418579, 0.958333432674408, 0.9583332538604736)"
all,10,flair_only,FLAIR,T1,1,WMH2017_Utrecht_034,0.747550866616428,0.5968712394705175,15.474722086368676,1.9054791524330121,496,128,207,624,703,false,false,"(2.999999523162842, 0.9583333134651184, 0.9583333730697632)"
all,10,flair_only,FLAIR,T1,1,WMH2017_Utrecht_036,0.7446259673258814,0.5931506849315068,9.787039392150735,1.324155471927767,433,83,214,516,647,false,false,"(3.0000009536743164, 0.9583333134651184, 0.9583333730697632)"
all,10,flair_only,FLAIR,T1,1,WMH2017_Utrecht_038,0.7124952525636157,0.5533923303834808,3.686734813387442,0.8985692247442525,938,148,609,1086,1547,false,false,"(3.0, 0.9583332538604736, 0.9583333134651184)"
all,10,flair_only,FLAIR,T1,1,WMH2017_Utrecht_040,0.8549048182894617,0.7465797009226853,1.9166666269302368,0.5473803764014852,4693,885,708,5578,5401,false,false,"(3.000000238418579, 0.9583333134651184, 0.9583333134651184)"
all,10,flair_only,FLAIR,T1,1,WMH2017_Utrecht_042,0.7832477834811012,0.6437200383509109,3.149351181993265,0.588052154917849,3357,102,1756,3459,5113,false,false,"(3.0000016689300537, 0.9583333730697632, 0.9583333730697632)"
all,10,flair_only,FLAIR,T1,1,WMH2017_Utrecht_043,0.6147859922178989,0.4438202247191011,46.307363989053286,5.0990923251730385,237,111,186,348,423,false,false,"(3.000000476837158, 0.9583332538604736, 0.9583333134651184)"
all,10,flair_only,FLAIR,T1,1,WMH2017_Utrecht_044,0.8249446027223805,0.7020474137931034,1.9166666269302368,0.7149397330276416,1303,121,432,1424,1735,false,false,"(3.0000014305114746, 0.9583333134651184, 0.9583333730697632)"
all,10,flair_only,FLAIR,T1,1,WMH2017_Utrecht_045,0.775644541963796,0.6335125448028673,7.602838785314196,1.3938554145544937,707,30,379,737,1086,false,false,"(2.9999964237213135, 0.9583333730697632, 0.9583332538604736)"
all,10,flair_only,FLAIR,T1,1,WMH2017_Utrecht_046,0.8990654205607477,0.8166383701188455,1.3552880113231662,0.40379609553002427,13949,2039,1093,15988,15042,false,false,"(2.9999959468841553, 0.9583333730697632, 0.9583333134651184)"
all,10,flair_only,FLAIR,T1,1,WMH2017_Utrecht_047,0.7555048488305761,0.607077374404107,4.575940491217682,1.0491830355770522,6622,2965,1321,9587,7943,false,false,"(2.9999990463256836, 0.9583333730697632, 0.9583333730697632)"
all,10,flair_only,FLAIR,T1,1,WMH2017_Utrecht_048,0.558382257012394,0.38733031674208146,18.02547598624098,3.1550698264057258,428,480,197,908,625,false,false,"(2.999997138977051, 0.9583331942558289, 0.9583333730697632)"
all,01,t1_only,T1,FLAIR,1,WMH2017_Amsterdam_GE1T5_150,0.5803108808290155,0.40875912408759124,14.926125676751449,2.167565429427361,504,211,518,715,1022,false,false,"(3.0, 1.2108999490737915, 1.3000465631484985)"
all,01,t1_only,T1,FLAIR,1,WMH2017_Amsterdam_GE1T5_151,0.8143452139618886,0.6868316339219099,3.266091568489929,0.8642083713465795,11047,1377,3660,12424,14707,false,false,"(3.0, 1.210900068283081, 1.2999284267425537)"
all,01,t1_only,T1,FLAIR,1,WMH2017_Amsterdam_GE1T5_152,0.7132352941176471,0.5542857142857143,8.137630873846732,1.487267633155094,1261,482,532,1743,1793,false,false,"(3.0, 1.2108999490737915, 1.3000555038452148)"
all,01,t1_only,T1,FLAIR,1,WMH2017_Amsterdam_GE1T5_153,0.19488817891373802,0.1079646017699115,29.43571045536546,12.995182109074067,61,193,311,254,372,false,false,"(3.0, 1.2108999490737915, 1.2999553680419922)"
all,01,t1_only,T1,FLAIR,1,WMH2017_Amsterdam_GE1T5_154,0.7988544474393531,0.6650771388499299,3.2695827086658356,0.8252438323277738,2371,797,397,3168,2768,false,false,"(2.999999761581421, 1.2108999490737915, 1.300066351890564)"
all,01,t1_only,T1,FLAIR,1,WMH2017_Amsterdam_GE1T5_155,0.6457617728531856,0.4768450335460645,4.887414290080097,1.2804409798100298,2914,1930,1267,4844,4181,false,false,"(3.0, 1.210900068283081, 1.300118327140808)"
all,01,t1_only,T1,FLAIR,1,WMH2017_Amsterdam_GE1T5_156,0.5753968253968254,0.403899721448468,14.263826333424742,3.2212172603577893,290,222,206,512,496,false,false,"(3.0, 1.2108999490737915, 1.3000555038452148)"
all,01,t1_only,T1,FLAIR,1,WMH2017_Amsterdam_GE1T5_157,0.5032679738562091,0.33624454148471616,13.483727636428132,2.799526062671974,77,38,114,115,191,false,false,"(3.0, 1.210900068283081, 1.3000556230545044)"
all,01,t1_only,T1,FLAIR,1,WMH2017_Amsterdam_GE1T5_158,0.49038838760298153,0.32484407484407485,12.518649849876878,2.7908325701384826,625,118,1181,743,1806,false,false,"(3.0, 1.210900068283081, 1.2999554872512817)"
all,01,t1_only,T1,FLAIR,1,WMH2017_Amsterdam_GE1T5_159,0.7332629674306393,0.5788596595643376,3.855530560308384,0.8930957150120437,4863,1692,1846,6555,6709,false,false,"(3.0, 1.210900068283081, 1.2999554872512817)"
all,01,t1_only,T1,FLAIR,1,WMH2017_Amsterdam_GE3T_111,0.6424870466321243,0.4732824427480916,12.927039574235286,1.9348055033498783,5270,1419,4446,6689,9716,false,false,"(3.0, 0.976599931716919, 1.2000000476837158)"
all,01,t1_only,T1,FLAIR,1,WMH2017_Amsterdam_GE3T_117,0.7816626526036043,0.6415814587593729,4.6861499154389294,1.050872986135304,9412,951,4307,10363,13719,false,false,"(3.0, 0.976599931716919, 1.2000000476837158)"
all,01,t1_only,T1,FLAIR,1,WMH2017_Amsterdam_GE3T_118,0.43228699551569505,0.2757437070938215,21.223063538852447,4.050588440891755,241,187,446,428,687,false,false,"(3.0, 0.976599931716919, 1.2000000476837158)"
all,01,t1_only,T1,FLAIR,1,WMH2017_Amsterdam_GE3T_119,0.875937898164315,0.7792611251049538,2.929799795150757,0.5457761766471415,9281,741,1888,10022,11169,false,false,"(3.0, 0.976599931716919, 1.2000000476837158)"
all,01,t1_only,T1,FLAIR,1,WMH2017_Amsterdam_GE3T_120,0.6053946053946054,0.4340974212034384,10.200000089757584,1.7253803601128088,909,303,882,1212,1791,false,false,"(3.0, 0.976599931716919, 1.2000000476837158)"
all,01,t1_only,T1,FLAIR,1,WMH2017_Amsterdam_GE3T_121,0.7569107053107723,0.6088948787061995,4.831534673106372,1.226023494189788,2259,962,489,3221,2748,false,false,"(3.0, 0.976599931716919, 1.2000000476837158)"
all,01,t1_only,T1,FLAIR,1,WMH2017_Amsterdam_GE3T_122,0.6817761332099908,0.5171929824561403,3.5798030262177782,0.8711022003444223,737,464,224,1201,961,false,false,"(3.0, 0.976599931716919, 1.2000000476837158)"
all,01,t1_only,T1,FLAIR,1,WMH2017_Amsterdam_GE3T_123,0.3076923076923077,0.18181818181818182,18.825354650748586,5.312425853954246,126,138,429,264,555,false,false,"(3.0, 0.976599931716919, 1.2000000476837158)"
all,01,t1_only,T1,FLAIR,1,WMH2017_Amsterdam_GE3T_124,0.5491594498217015,0.3785112359550562,8.019155140582395,1.7112003817471013,539,486,399,1025,938,false,false,"(3.0, 0.976599931716919, 1.2000000476837158)"
all,01,t1_only,T1,FLAIR,1,WMH2017_Amsterdam_GE3T_125,0.41646489104116224,0.26299694189602446,16.576369759491435,4.094267108218179,86,94,147,180,233,false,false,"(3.0, 0.976599931716919, 1.2000178098678589)"
all,01,t1_only,T1,FLAIR,1,WMH2017_Amsterdam_GE3T_127,0.6594134342478714,0.4918842625264644,3.3754625669781038,0.9594961916931827,697,435,285,1132,982,false,false,"(3.0, 0.976599931716919, 1.2000000476837158)"
all,01,t1_only,T1,FLAIR,1,WMH2017_Amsterdam_GE3T_128,0.8193732910079518,0.6940155468001278,3.1660269983223985,0.8238466613102959,13035,3039,2708,16074,15743,false,false,"(3.0, 0.976599931716919, 1.2000000476837158)"
all,01,t1_only,T1,FLAIR,1,WMH2017_Amsterdam_GE3T_129,0.7596307692307692,0.6124230998213931,3,0.7334221530462945,6172,1596,2310,7768,8482,false,false,"(3.0, 0.976599931716919, 1.2000000476837158)"
all,01,t1_only,T1,FLAIR,1,WMH2017_Amsterdam_GE3T_130,0.5073891625615764,0.33993399339933994,9.25194668418726,1.970326742360785,515,606,394,1121,909,false,false,"(3.0, 0.976599931716919, 1.2000000476837158)"
all,01,t1_only,T1,FLAIR,1,WMH2017_Amsterdam_GE3T_131,0.6328938237335184,0.46294416243654823,6.398179903531819,1.145997953624458,912,511,547,1423,1459,false,false,"(3.0, 0.976599931716919, 1.1999001502990723)"
all,01,t1_only,T1,FLAIR,1,WMH2017_Amsterdam_GE3T_133,0.6858943286476006,0.5219476208041313,3.5798030262177782,0.8523659469847698,1415,881,415,2296,1830,false,false,"(3.0, 0.976599931716919, 1.1999001502990723)"
all,01,t1_only,T1,FLAIR,1,WMH2017_Amsterdam_GE3T_134,0.7034482758620689,0.5425531914893617,4.6861499154389294,0.964876314887903,3366,1723,1115,5089,4481,false,false,"(3.0, 0.976599931716919, 1.2000000476837158)"
all,01,t1_only,T1,FLAIR,1,WMH2017_Amsterdam_GE3T_135,0.7957357700361698,0.6607650964274423,3,0.724780083713169,10450,1188,4177,11638,14627,false,false,"(3.0, 0.976599931716919, 1.2000000476837158)"
all,01,t1_only,T1,FLAIR,1,WMH2017_Amsterdam_GE3T_136,0.4943181818181818,0.3283018867924528,20.487408125017353,3.572306121379563,174,209,147,383,321,false,false,"(3.0, 0.976599931716919, 1.199997901916504)"
all,01,t1_only,T1,FLAIR,1,WMH2017_Amsterdam_GE3T_138,0.479285134037368,0.31517094017094016,8.875450734238784,1.8996949928547158,295,401,240,696,535,false,false,"(3.0, 0.976599931716919, 1.2000000476837158)"
all,01,t1_only,T1,FLAIR,1,WMH2017_Amsterdam_GE3T_139,0.46565656565656566,0.3034891375905201,7.8397940804527515,1.9377777384871984,461,582,476,1043,937,false,false,"(3.0, 0.976599931716919, 1.2000000476837158)"
all,01,t1_only,T1,FLAIR,1,WMH2017_Amsterdam_GE3T_140,0.7742340532395781,0.6316328621184184,3,0.6918729460118529,3083,1091,707,4174,3790,false,false,"(3.0, 0.976599931716919, 1.2000000476837158)"
all,01,t1_only,T1,FLAIR,1,WMH2017_Amsterdam_GE3T_141,0.29750479846449135,0.17474633596392333,18.339774043466655,4.640874588383117,155,330,402,485,557,false,false,"(3.0, 0.976599931716919, 1.2000000476837158)"
all,01,t1_only,T1,FLAIR,1,WMH2017_Amsterdam_GE3T_142,0.8146412884333821,0.6872529644268774,2.4000000953674316,0.7034583883039415,6955,2578,587,9533,7542,false,false,"(3.0, 0.976599931716919, 1.2000000476837158)"
all,01,t1_only,T1,FLAIR,1,WMH2017_Amsterdam_GE3T_143,0.8018057375855541,0.66917841516772,3.1549560102526772,0.7028408262247647,2753,1005,356,3758,3109,false,false,"(3.0, 0.976599931716919, 1.2000000476837158)"
all,01,t1_only,T1,FLAIR,1,WMH2017_Amsterdam_GE3T_145,0.6931677018633541,0.5304182509505704,5.526638025928032,1.2611214318638388,2232,926,1050,3158,3282,false,false,"(3.0, 0.976599931716919, 1.2000000476837158)"
all,01,t1_only,T1,FLAIR,1,WMH2017_Amsterdam_GE3T_146,0.623646408839779,0.4531149646756583,6.778919551643352,1.3929017313738117,1411,979,724,2390,2135,false,false,"(3.0, 0.976599931716919, 1.2000000476837158)"
all,01,t1_only,T1,FLAIR,1,WMH2017_Amsterdam_GE3T_147,0.5865992414664981,0.4150268336314848,7.891892394823227,1.6476506651566702,1160,645,990,1805,2150,false,false,"(3.0, 0.976599931716919, 1.2000000476837158)"
all,01,t1_only,T1,FLAIR,1,WMH2017_Amsterdam_GE3T_148,0.7985657574593418,0.6646770411426135,2.929799795150757,0.5545333444450706,3118,1053,520,4171,3638,false,false,"(3.0, 0.976599931716919, 1.2000000476837158)"
all,01,t1_only,T1,FLAIR,1,WMH2017_Amsterdam_GE3T_149,0.6135477582846004,0.442530755711775,9,1.606744732246511,1259,1135,451,2394,1710,false,false,"(3.0, 0.976599931716919, 1.2000000476837158)"
all,01,t1_only,T1,FLAIR,1,WMH2017_Amsterdam_Philips_VU_PETMR_01_160,0.8169498740643514,0.6905454436414885,3.0518186816439408,0.8392466966331475,23029,5065,5255,28094,28284,false,false,"(3.0, 1.0416665077209473, 0.55999755859375)"
all,01,t1_only,T1,FLAIR,1,WMH2017_Amsterdam_Philips_VU_PETMR_01_161,0.6996879251020245,0.5380923076923076,5.134306750956829,0.9895182830532503,4372,1412,2341,5784,6713,false,false,"(3.0, 1.0416665077209473, 0.55999755859375)"
all,01,t1_only,T1,FLAIR,1,WMH2017_Amsterdam_Philips_VU_PETMR_01_162,0.402088772845953,0.25163398692810457,13.807143341077383,3.4929210886371305,924,160,2588,1084,3512,false,false,"(3.0, 1.0416665077209473, 0.55999755859375)"
all,01,t1_only,T1,FLAIR,1,WMH2017_Amsterdam_Philips_VU_PETMR_01_163,0.17829457364341086,0.09787234042553192,46.235928385523515,15.114681139020393,69,52,584,121,653,false,false,"(3.0, 1.0416667461395264, 0.5600060820579529)"
all,01,t1_only,T1,FLAIR,1,WMH2017_Amsterdam_Philips_VU_PETMR_01_164,0.6141287284144427,0.4431354780244676,6.15997314453125,1.4132681965577636,978,270,959,1248,1937,false,false,"(3.0, 1.0416665077209473, 0.55999755859375)"
all,01,t1_only,T1,FLAIR,1,WMH2017_Amsterdam_Philips_VU_PETMR_01_165,0.15658362989323843,0.08494208494208494,31.67213916361427,12.47043021254364,198,50,2083,248,2281,false,false,"(3.0, 1.0416665077209473, 0.55999755859375)"
all,01,t1_only,T1,FLAIR,1,WMH2017_Amsterdam_Philips_VU_PETMR_01_166,0.7445124145376034,0.5930065921467469,8.91904488807673,1.7173446222351216,4138,1271,1569,5409,5707,false,false,"(3.0, 1.0416665077209473, 0.55999755859375)"
all,01,t1_only,T1,FLAIR,1,WMH2017_Amsterdam_Philips_VU_PETMR_01_167,0.4481178396072013,0.2887576460662308,42.408784484273085,5.979127251645417,2738,416,6328,3154,9066,false,false,"(3.0, 1.0416665077209473, 0.55999755859375)"
all,01,t1_only,T1,FLAIR,1,WMH2017_Amsterdam_Philips_VU_PETMR_01_168,0.24703087885985747,0.14092140921409213,53.642272485080774,14.071454486328737,104,37,597,141,701,false,false,"(3.0, 1.0416665077209473, 0.5600128173828125)"
all,01,t1_only,T1,FLAIR,1,WMH2017_Amsterdam_Philips_VU_PETMR_01_169,0.6959927267641094,0.5337337766813257,11.677025311342359,1.9264127087958642,4976,1053,3294,6029,8270,false,false,"(3.0, 1.0416665077209473, 0.5600128173828125)"
all,01,t1_only,T1,FLAIR,1,WMH2017_Singapore_070,0.7104444850923725,0.5509219858156028,3.4177492419177105,0.911010157646148,1942,1069,514,3011,2456,false,false,"(3.000000476837158, 0.9999999403953552, 0.9999999403953552)"
all,01,t1_only,T1,FLAIR,1,WMH2017_Singapore_071,0.8524649370974539,0.7428661351237935,2.23606797749979,0.74317303386144,7081,1053,1398,8134,8479,false,false,"(2.999997615814209, 1.0, 1.0)"
all,01,t1_only,T1,FLAIR,1,WMH2017_Singapore_072,0.8686372278222191,0.7677795744950696,5.830953165965412,1.5669298885362861,24215,3157,4167,27372,28382,false,false,"(3.00000262260437, 0.9999999403953552, 1.0)"
all,01,t1_only,T1,FLAIR,1,WMH2017_Singapore_073,0.43471208434712083,0.277720207253886,24.351600683659672,3.97155525246861,268,322,375,590,643,false,false,"(3.0000011920928955, 1.0, 0.9999999403953552)"
all,01,t1_only,T1,FLAIR,1,WMH2017_Singapore_074,0.5423522242535039,0.3720735785953177,15.553116150306504,3.1633224363674803,445,176,575,621,1020,false,false,"(2.9999964237213135, 1.0, 1.0)"
all,01,t1_only,T1,FLAIR,1,WMH2017_Singapore_075,0.4833538840937115,0.31869918699186994,12.714155710203922,2.5356070723752393,196,163,256,359,452,false,false,"(3.00000262260437, 1.0, 0.9999999403953552)"
all,01,t1_only,T1,FLAIR,1,WMH2017_Singapore_076,0.525655223329642,0.35653480220330497,9.640769016331298,2.27454466505054,712,493,792,1205,1504,false,false,"(2.9999992847442627, 1.0, 1.0)"
all,01,t1_only,T1,FLAIR,1,WMH2017_Singapore_077,0.7074548711588811,0.5473347547974413,5,1.1127134163579222,2567,691,1432,3258,3999,false,false,"(2.9999990463256836, 1.0, 1.0)"
all,01,t1_only,T1,FLAIR,1,WMH2017_Singapore_078,0.47554347826086957,0.31194295900178254,15.54508780793348,3.569750627847748,525,138,1020,663,1545,false,false,"(3.0000009536743164, 0.9999999403953552, 1.0)"
all,01,t1_only,T1,FLAIR,1,WMH2017_Singapore_079,0.757614444647091,0.6098062243100411,3.0000014305114746,0.6987114360485935,2077,866,463,2943,2540,false,false,"(3.0000014305114746, 1.0, 0.9999999403953552)"
all,01,t1_only,T1,FLAIR,1,WMH2017_Singapore_080,0.7964320810340918,0.6617259138299209,2.2360679508437826,0.6045873068265349,5268,1705,988,6973,6256,false,false,"(3.0000009536743164, 1.0, 0.9999999403953552)"
all,01,t1_only,T1,FLAIR,1,WMH2017_Singapore_081,0.8049489554458793,0.6735686806969903,3.7416579602543756,0.8486393402928823,11906,3272,2498,15178,14404,false,false,"(3.0000007152557373, 1.0, 1.0)"
all,01,t1_only,T1,FLAIR,1,WMH2017_Singapore_082,0.830751837196156,0.710500870237865,2,0.47547564085058824,3674,1070,427,4744,4101,false,false,"(3.0000011920928955, 1.0, 1.0)"
all,01,t1_only,T1,FLAIR,1,WMH2017_Singapore_083,0.6624586714758041,0.4952808988764045,6.4031242374328485,1.3050752643130985,1102,670,453,1772,1555,false,false,"(3.0, 1.0, 1.0)"
all,01,t1_only,T1,FLAIR,1,WMH2017_Singapore_084,0.7586113919784294,0.6110990443092963,4,0.8903801970204883,5627,1276,2305,6903,7932,false,false,"(2.999995708465576, 1.0, 1.0)"
all,01,t1_only,T1,FLAIR,1,WMH2017_Singapore_085,0.7956959389101007,0.6607101683191146,2.9999992847442627,0.81899326658458,5731,1920,1023,7651,6754,false,false,"(2.9999992847442627, 1.0, 1.0)"
all,01,t1_only,T1,FLAIR,1,WMH2017_Singapore_086,0.8223102116634893,0.6982400796945044,2.9999969005584717,0.7357665373503999,8411,2995,640,11406,9051,false,false,"(2.9999969005584717, 1.0, 1.0)"
all,01,t1_only,T1,FLAIR,1,WMH2017_Singapore_087,0.8363516628251564,0.7187323146576118,2,0.5414814599076497,6350,2077,408,8427,6758,false,false,"(3.000000476837158, 1.0, 1.0)"
all,01,t1_only,T1,FLAIR,1,WMH2017_Singapore_088,0.5262048986041612,0.3570407433881344,16.30950628904999,3.8233174629615956,1998,964,2634,2962,4632,false,false,"(3.0, 0.9999999403953552, 1.0)"
all,01,t1_only,T1,FLAIR,1,WMH2017_Singapore_089,0.4394250513347023,0.28157894736842104,14.282684500729754,3.0711887132429467,107,58,215,165,322,false,false,"(2.9999992847442627, 1.0, 1.0)"
all,01,t1_only,T1,FLAIR,1,WMH2017_Singapore_090,0.6367041198501873,0.46703296703296704,4.35889812308616,1.0225346120093328,935,557,510,1492,1445,false,false,"(2.9999988079071045, 1.0, 1.0)"
all,01,t1_only,T1,FLAIR,1,WMH2017_Singapore_091,0.6048083545560842,0.4334948224002939,12.88410050319314,3.994991898956947,18880,1277,23396,20157,42276,false,false,"(3.000001907348633, 1.0, 1.0)"
all,01,t1_only,T1,FLAIR,1,WMH2017_Singapore_092,0.7688006058134793,0.6244322482967449,3.162276303066068,0.8533984236610986,6599,3141,828,9740,7427,false,false,"(2.9999985694885254, 1.0, 1.0000001192092896)"
all,01,t1_only,T1,FLAIR,1,WMH2017_Singapore_093,0.7356540658145228,0.5818455581845559,6.082768635039954,2.1447327647762386,2705,1002,942,3707,3647,false,false,"(3.0000030994415283, 1.0, 0.9999999403953552)"
all,01,t1_only,T1,FLAIR,1,WMH2017_Singapore_094,0.7935830950419231,0.6578017033585087,3.0000016689300537,0.8981363808818077,8187,2753,1506,10940,9693,false,false,"(3.0000016689300537, 1.0, 1.0)"
all,01,t1_only,T1,FLAIR,1,WMH2017_Singapore_095,0.851101606004358,0.7407979769598202,2,0.5536750685510832,5273,1111,734,6384,6007,false,false,"(3.0000009536743164, 1.0, 1.0)"
all,01,t1_only,T1,FLAIR,1,WMH2017_Singapore_096,0.8517369257549383,0.7417611389401529,3,0.7245789513949155,16881,2302,3575,19183,20456,false,false,"(3.0, 1.0, 1.0)"
all,01,t1_only,T1,FLAIR,1,WMH2017_Singapore_097,0.7976845969222081,0.663457022076092,3.1622776601683795,0.673147874158729,5650,1353,1513,7003,7163,false,false,"(3.0000014305114746, 1.0, 1.0)"
all,01,t1_only,T1,FLAIR,1,WMH2017_Singapore_098,0.7183427998663549,0.5604796663190824,5.147585428907329,1.032712692486563,1075,432,411,1507,1486,false,false,"(2.9999983310699463, 1.0, 0.9999999403953552)"
all,01,t1_only,T1,FLAIR,1,WMH2017_Singapore_099,0.7147415443522654,0.5561072492552135,6.247962622278743,1.1543067203757797,560,159,288,719,848,false,false,"(3.000000238418579, 0.9999999403953552, 1.0)"
all,01,t1_only,T1,FLAIR,1,WMH2017_Utrecht_001,0.47871021083092186,0.31467391304347825,37.09016019508355,6.03815502328805,579,226,1035,805,1614,false,false,"(2.9999992847442627, 0.9583333730697632, 0.9583333730697632)"
all,01,t1_only,T1,FLAIR,1,WMH2017_Utrecht_003,0.7034295415959253,0.5425309029960192,4.150728890094146,1.0347767373199461,5179,2374,1993,7553,7172,false,false,"(3.000004291534424, 0.9583333730697632, 0.9583332538604736)"
all,01,t1_only,T1,FLAIR,1,WMH2017_Utrecht_005,0.4748858447488584,0.31137724550898205,67.12438454388554,16.059424550668066,260,77,498,337,758,false,false,"(3.0000009536743164, 0.9583332538604736, 0.9583333134651184)"
all,01,t1_only,T1,FLAIR,1,WMH2017_Utrecht_007,0.821502698215027,0.697076435364565,3.560001675888755,0.8578059968949527,7916,888,2552,8804,10468,false,false,"(3.000000238418579, 0.9583333730697632, 0.9583332538604736)"
all,01,t1_only,T1,FLAIR,1,WMH2017_Utrecht_009,0.6536604313244291,0.4855093369702056,10.087551275144117,2.335237122587996,37023,2804,36429,39827,73452,false,false,"(3.0000007152557373, 0.9583333134651184, 0.9583333730697632)"
all,01,t1_only,T1,FLAIR,1,WMH2017_Utrecht_010,0.35063063063063066,0.212584662442648,22.928741522484078,5.728267454078845,973,243,3361,1216,4334,false,false,"(2.999997138977051, 0.9583333730697632, 0.9583333730697632)"
all,01,t1_only,T1,FLAIR,1,WMH2017_Utrecht_012,0.43821656050955415,0.2805872756933116,19.335452335735294,3.7960800795343586,172,62,379,234,551,false,false,"(3.0000009536743164, 0.9583333134651184, 0.9583333134651184)"
all,01,t1_only,T1,FLAIR,1,WMH2017_Utrecht_013,0.8022911427773121,0.6698548966546913,4.043170203586953,1.1154634597494817,14357,2537,4539,16894,18896,false,false,"(3.0000007152557373, 0.9583332538604736, 0.9583332538604736)"
all,01,t1_only,T1,FLAIR,1,WMH2017_Utrecht_014,0.6828709011694566,0.5184540389972145,6.485560779847274,1.2724725520979872,2978,568,2198,3546,5176,false,false,"(3.0, 0.9583333134651184, 0.9583333134651184)"
all,01,t1_only,T1,FLAIR,1,WMH2017_Utrecht_015,0.5819085487077534,0.41034627786345157,16.236385787481865,3.1047923973889873,2927,730,3476,3657,6403,false,false,"(3.0, 0.9583333134651184, 0.9583332538604736)"
all,01,t1_only,T1,FLAIR,1,WMH2017_Utrecht_016,0.6866751809280545,0.5228525121555916,7.268086246290654,1.4549868542873052,3226,1494,1450,4720,4676,false,false,"(3.000000476837158, 0.9583331942558289, 0.9583331942558289)"
all,01,t1_only,T1,FLAIR,1,WMH2017_Utrecht_018,0.5493171471927162,0.3786610878661088,22.912769906694095,4.183692859206869,362,179,415,541,777,false,false,"(3.0, 0.9583333134651184, 0.9583333134651184)"
all,01,t1_only,T1,FLAIR,1,WMH2017_Utrecht_020,0.6027850544602233,0.4314189855930531,6.076053467681675,1.726946457771279,4372,2512,3250,6884,7622,false,false,"(3.0000009536743164, 0.9583333730697632, 0.9583333730697632)"
all,01,t1_only,T1,FLAIR,1,WMH2017_Utrecht_022,0.7127358490566038,0.5536826676438256,15.394651994500542,2.4378310266286984,3022,843,1593,3865,4615,false,false,"(2.9999942779541016, 0.9583333730697632, 0.9583333730697632)"
all,01,t1_only,T1,FLAIR,1,WMH2017_Utrecht_024,0.8142546030489012,0.686702731583517,4.285797041285289,1.6038678833973816,10282,2294,2397,12576,12679,false,false,"(2.999999761581421, 0.9583333134651184, 0.9583333730697632)"
all,01,t1_only,T1,FLAIR,1,WMH2017_Utrecht_026,0.8110998990918264,0.6822271261245968,13.880753665264724,2.3544986455427943,16076,2025,5463,18101,21539,false,false,"(2.999999761581421, 0.9583333134651184, 0.9583333134651184)"
all,01,t1_only,T1,FLAIR,1,WMH2017_Utrecht_028,0.8686780032912781,0.7678432893716058,2.1428983540425994,0.5926212933974376,11877,1240,2351,13117,14228,false,false,"(2.999997138977051, 0.9583333730697632, 0.9583332538604736)"
all,01,t1_only,T1,FLAIR,1,WMH2017_Utrecht_030,0.8299965281796089,0.7093966369930762,2.8750001192092896,0.6517142629808256,7172,1730,1208,8902,8380,false,false,"(2.9999983310699463, 0.9583333730697632, 0.9583333730697632)"
all,01,t1_only,T1,FLAIR,1,WMH2017_Utrecht_032,0.7117821515233217,0.5525324403516115,3.560001868431755,0.9455639966161469,3960,2155,1052,6115,5012,false,false,"(3.000000238418579, 0.958333432674408, 0.9583332538604736)"
all,01,t1_only,T1,FLAIR,1,WMH2017_Utrecht_034,0.29245647969052224,0.17127322156773903,17.545575564731678,5.529312733343322,378,1504,325,1882,703,false,false,"(2.999999523162842, 0.9583333134651184, 0.9583333730697632)"
all,01,t1_only,T1,FLAIR,1,WMH2017_Utrecht_036,0.5976027397260274,0.4261294261294261,23.268416751757307,3.6490639672080807,349,172,298,521,647,false,false,"(3.0000009536743164, 0.9583333134651184, 0.9583333730697632)"
all,01,t1_only,T1,FLAIR,1,WMH2017_Utrecht_038,0.3627684964200477,0.22157434402332363,17.40355293210699,4.145711863415755,456,511,1091,967,1547,false,false,"(3.0, 0.9583332538604736, 0.9583333134651184)"
all,01,t1_only,T1,FLAIR,1,WMH2017_Utrecht_040,0.7217055623793648,0.5645847632120796,5.653323794276899,1.3844737052344709,4113,1884,1288,5997,5401,false,false,"(3.000000238418579, 0.9583333134651184, 0.9583333134651184)"
all,01,t1_only,T1,FLAIR,1,WMH2017_Utrecht_042,0.75762129669386,0.6098151028166581,6.061032433304643,1.1057781102770239,3529,674,1584,4203,5113,false,false,"(3.0000016689300537, 0.9583333730697632, 0.9583333730697632)"
all,01,t1_only,T1,FLAIR,1,WMH2017_Utrecht_043,0.3960573476702509,0.24692737430167597,45.36677341817675,6.543176677602429,221,472,202,693,423,false,false,"(3.000000476837158, 0.9583332538604736, 0.9583333134651184)"
all,01,t1_only,T1,FLAIR,1,WMH2017_Utrecht_044,0.666194188518781,0.49946865037194477,15.267294733952397,2.453960935889829,940,147,795,1087,1735,false,false,"(3.0000014305114746, 0.9583333134651184, 0.9583333730697632)"
all,01,t1_only,T1,FLAIR,1,WMH2017_Utrecht_045,0.5365622032288699,0.3666450356911097,15.805103959975835,2.951255554281408,565,455,521,1020,1086,false,false,"(2.9999964237213135, 0.9583333730697632, 0.9583332538604736)"
all,01,t1_only,T1,FLAIR,1,WMH2017_Utrecht_046,0.8519254488145813,0.7420471501044464,2.7105760226463325,0.6500595336529003,12433,1713,2609,14146,15042,false,false,"(2.9999959468841553, 0.9583333730697632, 0.9583333134651184)"
all,01,t1_only,T1,FLAIR,1,WMH2017_Utrecht_047,0.6172154396349735,0.4463569071613306,5.421152213880056,1.4339835040563573,5005,3270,2938,8275,7943,false,false,"(2.9999990463256836, 0.9583333730697632, 0.9583333730697632)"
all,01,t1_only,T1,FLAIR,1,WMH2017_Utrecht_048,0.5365486058779201,0.3666323377960865,13.593356688671998,2.5933562875934992,356,346,269,702,625,false,false,"(2.999997138977051, 0.9583331942558289, 0.9583333730697632)"
all,11,full,FLAIR+T1,none,0,WMH2017_Amsterdam_GE1T5_150,0.7867116032739528,0.6484126984126984,3,0.8467773122811988,817,238,205,1055,1022,false,false,"(3.0, 1.2108999490737915, 1.3000465631484985)"
all,11,full,FLAIR+T1,none,0,WMH2017_Amsterdam_GE1T5_151,0.8980472901168969,0.8149599180278464,1.2999284267425537,0.3893075968820627,13521,1884,1186,15405,14707,false,false,"(3.0, 1.210900068283081, 1.2999284267425537)"
all,11,full,FLAIR+T1,none,0,WMH2017_Amsterdam_GE1T5_152,0.8405075889524758,0.7248927038626609,1.3000555038452148,0.37668670998779685,1689,537,104,2226,1793,false,false,"(3.0, 1.2108999490737915, 1.3000555038452148)"
all,11,full,FLAIR+T1,none,0,WMH2017_Amsterdam_GE1T5_153,0.4838709677419355,0.3191489361702128,22.788239951429684,5.148675297642068,150,98,222,248,372,false,false,"(3.0, 1.2108999490737915, 1.2999553680419922)"
all,11,full,FLAIR+T1,none,0,WMH2017_Amsterdam_GE1T5_154,0.86645056726094,0.7643694595367457,1.300066351890564,0.3789043443970364,2673,729,95,3402,2768,false,false,"(2.999999761581421, 1.2108999490737915, 1.300066351890564)"
all,11,full,FLAIR+T1,none,0,WMH2017_Amsterdam_GE1T5_155,0.820959758984291,0.6962949443329075,1.300118327140808,0.4251379822105506,3815,1298,366,5113,4181,false,false,"(3.0, 1.210900068283081, 1.300118327140808)"
all,11,full,FLAIR+T1,none,0,WMH2017_Amsterdam_GE1T5_156,0.74447391688771,0.5929577464788732,3.0117581426595392,0.7957692242400174,421,214,75,635,496,false,false,"(3.0, 1.2108999490737915, 1.3000555038452148)"
all,11,full,FLAIR+T1,none,0,WMH2017_Amsterdam_GE1T5_157,0.7512437810945274,0.601593625498008,27.208540377244024,2.1654904527962375,151,60,40,211,191,false,false,"(3.0, 1.210900068283081, 1.3000556230545044)"
all,11,full,FLAIR+T1,none,0,WMH2017_Amsterdam_GE1T5_158,0.7735209799322388,0.6306842328941776,3,0.5307294967766399,1484,547,322,2031,1806,false,false,"(3.0, 1.210900068283081, 1.2999554872512817)"
all,11,full,FLAIR+T1,none,0,WMH2017_Amsterdam_GE1T5_159,0.8389988278287251,0.7226511462168904,1.7765593838098088,0.5409113657305341,6084,1710,625,7794,6709,false,false,"(3.0, 1.210900068283081, 1.2999554872512817)"
all,11,full,FLAIR+T1,none,0,WMH2017_Amsterdam_GE3T_111,0.7037124337065409,0.5428675334121283,14.087295883670519,1.9354183386696528,5971,1283,3745,7254,9716,false,false,"(3.0, 0.976599931716919, 1.2000000476837158)"
all,11,full,FLAIR+T1,none,0,WMH2017_Amsterdam_GE3T_117,0.8819039389356953,0.7887550718103948,1.5471740500248867,0.4339254058717505,12247,1808,1472,14055,13719,false,false,"(3.0, 0.976599931716919, 1.2000000476837158)"
all,11,full,FLAIR+T1,none,0,WMH2017_Amsterdam_GE3T_118,0.7025641025641025,0.541501976284585,8.136736612284006,1.3374490361607223,411,72,276,483,687,false,false,"(3.0, 0.976599931716919, 1.2000000476837158)"
all,11,full,FLAIR+T1,none,0,WMH2017_Amsterdam_GE3T_119,0.933147381680763,0.8746731888336005,1.2000000476837158,0.23077287717601017,10371,688,798,11059,11169,false,false,"(3.0, 0.976599931716919, 1.2000000476837158)"
all,11,full,FLAIR+T1,none,0,WMH2017_Amsterdam_GE3T_120,0.810523204256577,0.6814115308151093,3.0943481000497735,0.5028563926566608,1371,221,420,1592,1791,false,false,"(3.0, 0.976599931716919, 1.2000000476837158)"
all,11,full,FLAIR+T1,none,0,WMH2017_Amsterdam_GE3T_121,0.8509115692622252,0.7405100830367735,1.8516934100816,0.6942368113703709,2497,624,251,3121,2748,false,false,"(3.0, 0.976599931716919, 1.2000000476837158)"
all,11,full,FLAIR+T1,none,0,WMH2017_Amsterdam_GE3T_122,0.8024231127679403,0.6700389105058365,2.2923764570765606,0.46625773269291904,861,324,100,1185,961,false,false,"(3.0, 0.976599931716919, 1.2000000476837158)"
all,11,full,FLAIR+T1,none,0,WMH2017_Amsterdam_GE3T_123,0.44106463878326996,0.28292682926829266,27.39381119798499,5.231251267059694,174,60,381,234,555,false,false,"(3.0, 0.976599931716919, 1.2000000476837158)"
all,11,full,FLAIR+T1,none,0,WMH2017_Amsterdam_GE3T_124,0.7987866531850354,0.664983164983165,1.5471740500248867,0.40382134716287976,790,250,148,1040,938,false,false,"(3.0, 0.976599931716919, 1.2000000476837158)"
all,11,full,FLAIR+T1,none,0,WMH2017_Amsterdam_GE3T_125,0.6802443991853361,0.5154320987654321,3.5185027828315354,1.1602215493848995,167,91,66,258,233,false,false,"(3.0, 0.976599931716919, 1.2000178098678589)"
all,11,full,FLAIR+T1,none,0,WMH2017_Amsterdam_GE3T_127,0.794104510942385,0.6585185185185185,2.2414999680301215,0.4709310047117473,889,368,93,1257,982,false,false,"(3.0, 0.976599931716919, 1.2000000476837158)"
all,11,full,FLAIR+T1,none,0,WMH2017_Amsterdam_GE3T_128,0.8515795286117004,0.7415224212977022,1.953199863433838,0.5332246006452928,14651,4015,1092,18666,15743,false,false,"(3.0, 0.976599931716919, 1.2000000476837158)"
all,11,full,FLAIR+T1,none,0,WMH2017_Amsterdam_GE3T_129,0.8947806443942457,0.8095955249569707,1.2000000476837158,0.24372026228650612,7526,814,956,8340,8482,false,false,"(3.0, 0.976599931716919, 1.2000000476837158)"
all,11,full,FLAIR+T1,none,0,WMH2017_Amsterdam_GE3T_130,0.7754677754677755,0.633276740237691,2.7773804304290346,0.5387947973886598,746,269,163,1015,909,false,false,"(3.0, 0.976599931716919, 1.2000000476837158)"
all,11,full,FLAIR+T1,none,0,WMH2017_Amsterdam_GE3T_131,0.7711811997526283,0.6275792652239557,2.2923241649482518,0.4662548966508087,1247,528,212,1775,1459,false,false,"(3.0, 0.976599931716919, 1.1999001502990723)"
all,11,full,FLAIR+T1,none,0,WMH2017_Amsterdam_GE3T_133,0.8300189393939394,0.7094293808174827,1.1999001502990723,0.37015196651271826,1753,641,77,2394,1830,false,false,"(3.0, 0.976599931716919, 1.1999001502990723)"
all,11,full,FLAIR+T1,none,0,WMH2017_Amsterdam_GE3T_134,0.8187420314492138,0.6931102716315884,2.5910900957691863,0.6440887124843251,3853,1078,628,4931,4481,false,false,"(3.0, 0.976599931716919, 1.2000000476837158)"
all,11,full,FLAIR+T1,none,0,WMH2017_Amsterdam_GE3T_135,0.8881785132255233,0.7988499267110158,1.6283792127069723,0.41426792380774846,14170,3111,457,17281,14627,false,false,"(3.0, 0.976599931716919, 1.2000000476837158)"
all,11,full,FLAIR+T1,none,0,WMH2017_Amsterdam_GE3T_136,0.7138888888888889,0.5550755939524838,2.929799795150757,0.7550006086564761,257,142,64,399,321,false,false,"(3.0, 0.976599931716919, 1.199997901916504)"
all,11,full,FLAIR+T1,none,0,WMH2017_Amsterdam_GE3T_138,0.704653371320038,0.5439882697947214,5.004679964145222,0.9664950339199702,371,147,164,518,535,false,false,"(3.0, 0.976599931716919, 1.2000000476837158)"
all,11,full,FLAIR+T1,none,0,WMH2017_Amsterdam_GE3T_139,0.7448711204629143,0.5934618608549874,2.4859905955481865,0.5609307348591729,708,256,229,964,937,false,false,"(3.0, 0.976599931716919, 1.2000000476837158)"
all,11,full,FLAIR+T1,none,0,WMH2017_Amsterdam_GE3T_140,0.8688445832332452,0.7681036313442344,1.2000000476837158,0.3081509697256288,3617,919,173,4536,3790,false,false,"(3.0, 0.976599931716919, 1.2000000476837158)"
all,11,full,FLAIR+T1,none,0,WMH2017_Amsterdam_GE3T_141,0.5983086680761099,0.42684766214177977,10.211661506424704,1.878929082668727,283,106,274,389,557,false,false,"(3.0, 0.976599931716919, 1.2000000476837158)"
all,11,full,FLAIR+T1,none,0,WMH2017_Amsterdam_GE3T_142,0.8648332358104155,0.7618556701030927,1.5471740500248867,0.3967037104669784,7390,2158,152,9548,7542,false,false,"(3.0, 0.976599931716919, 1.2000000476837158)"
all,11,full,FLAIR+T1,none,0,WMH2017_Amsterdam_GE3T_143,0.8782429245283019,0.7829172141918528,1.2000000476837158,0.30516924347068414,2979,696,130,3675,3109,false,false,"(3.0, 0.976599931716919, 1.2000000476837158)"
all,11,full,FLAIR+T1,none,0,WMH2017_Amsterdam_GE3T_145,0.8473239436619718,0.7350928641251222,1.2000000476837158,0.37788312809079866,3008,810,274,3818,3282,false,false,"(3.0, 0.976599931716919, 1.2000000476837158)"
all,11,full,FLAIR+T1,none,0,WMH2017_Amsterdam_GE3T_146,0.7517569712083427,0.6022520886305848,3.7755780777198718,0.7761363362411976,1658,618,477,2276,2135,false,false,"(3.0, 0.976599931716919, 1.2000000476837158)"
all,11,full,FLAIR+T1,none,0,WMH2017_Amsterdam_GE3T_147,0.7841506129597198,0.6449405833633417,2.2923764570765606,0.5227962071714141,1791,627,359,2418,2150,false,false,"(3.0, 0.976599931716919, 1.2000000476837158)"
all,11,full,FLAIR+T1,none,0,WMH2017_Amsterdam_GE3T_148,0.7911614730878187,0.6544806899137607,2.929799795150757,2.699309290432837,3491,1696,147,5187,3638,false,false,"(3.0, 0.976599931716919, 1.2000000476837158)"
all,11,full,FLAIR+T1,none,0,WMH2017_Amsterdam_GE3T_149,0.7486403405060298,0.5982615268329554,2.2923764570765606,0.5045780703406494,1583,936,127,2519,1710,false,false,"(3.0, 0.976599931716919, 1.2000000476837158)"
all,11,full,FLAIR+T1,none,0,WMH2017_Amsterdam_Philips_VU_PETMR_01_160,0.8297031642882801,0.7089681343824991,2.157283875353723,0.6613314588777356,25408,7554,2876,32962,28284,false,false,"(3.0, 1.0416665077209473, 0.55999755859375)"
all,11,full,FLAIR+T1,none,0,WMH2017_Amsterdam_Philips_VU_PETMR_01_161,0.8247282608695652,0.7017341040462428,1.1826522645894333,0.3235772194427439,6070,1937,643,8007,6713,false,false,"(3.0, 1.0416665077209473, 0.55999755859375)"
all,11,full,FLAIR+T1,none,0,WMH2017_Amsterdam_Philips_VU_PETMR_01_162,0.7373695198329854,0.583994708994709,3,0.6982257841853362,2649,1024,863,3673,3512,false,false,"(3.0, 1.0416665077209473, 0.55999755859375)"
all,11,full,FLAIR+T1,none,0,WMH2017_Amsterdam_Philips_VU_PETMR_01_163,0.6537567776917118,0.4856156501726122,18.39007687862727,2.1402142678308285,422,216,231,638,653,false,false,"(3.0, 1.0416667461395264, 0.5600060820579529)"
all,11,full,FLAIR+T1,none,0,WMH2017_Amsterdam_Philips_VU_PETMR_01_164,0.8136419001218027,0.6858316221765913,3,0.5872359354525974,1670,498,267,2168,1937,false,false,"(3.0, 1.0416665077209473, 0.55999755859375)"
all,11,full,FLAIR+T1,none,0,WMH2017_Amsterdam_Philips_VU_PETMR_01_165,0.7934660997986127,0.6576409495548962,3,0.7811862132063015,1773,415,508,2188,2281,false,false,"(3.0, 1.0416665077209473, 0.55999755859375)"
all,11,full,FLAIR+T1,none,0,WMH2017_Amsterdam_Philips_VU_PETMR_01_166,0.8633369465521554,0.7595363849765259,1.67999267578125,1.002227735943061,5177,1109,530,6286,5707,false,false,"(3.0, 1.0416665077209473, 0.55999755859375)"
all,11,full,FLAIR+T1,none,0,WMH2017_Amsterdam_Philips_VU_PETMR_01_167,0.7399749714347897,0.5872700578633734,37.92908429420727,2.898384571232451,6800,2513,2266,9313,9066,false,false,"(3.0, 1.0416665077209473, 0.55999755859375)"
all,11,full,FLAIR+T1,none,0,WMH2017_Amsterdam_Philips_VU_PETMR_01_168,0.5970695970695971,0.4255874673629243,49.392405280742395,4.581227795586116,326,65,375,391,701,false,false,"(3.0, 1.0416665077209473, 0.5600128173828125)"
all,11,full,FLAIR+T1,none,0,WMH2017_Amsterdam_Philips_VU_PETMR_01_169,0.8344047619047619,0.7158615054642018,1.9767646076366483,0.4102639694716814,7009,1521,1261,8530,8270,false,false,"(3.0, 1.0416665077209473, 0.5600128173828125)"
all,11,full,FLAIR+T1,none,0,WMH2017_Singapore_070,0.7870762711864406,0.6489082969432315,3.000000476837158,0.5298474365696618,2229,979,227,3208,2456,false,false,"(3.000000476837158, 0.9999999403953552, 0.9999999403953552)"
all,11,full,FLAIR+T1,none,0,WMH2017_Singapore_071,0.903806310306044,0.8244950858624042,1,0.5430329733351955,7634,780,845,8414,8479,false,false,"(2.999997615814209, 1.0, 1.0)"
all,11,full,FLAIR+T1,none,0,WMH2017_Singapore_072,0.8980996297072591,0.8150461275084805,2.8284270404524943,0.7835653557573065,25709,3161,2673,28870,28382,false,false,"(3.00000262260437, 0.9999999403953552, 1.0)"
all,11,full,FLAIR+T1,none,0,WMH2017_Singapore_073,0.5191986644407346,0.3506200676437429,31.9538800732981,4.194420523561548,311,244,332,555,643,false,false,"(3.0000011920928955, 1.0, 0.9999999403953552)"
all,11,full,FLAIR+T1,none,0,WMH2017_Singapore_074,0.7844914400805639,0.6454018227009114,3.1622742674127227,0.6409319487322116,779,187,241,966,1020,false,false,"(2.9999964237213135, 1.0, 1.0)"
all,11,full,FLAIR+T1,none,0,WMH2017_Singapore_075,0.7313769751693002,0.5765124555160143,3.1622801481894514,0.7869804479459157,324,110,128,434,452,false,false,"(3.00000262260437, 1.0, 0.9999999403953552)"
all,11,full,FLAIR+T1,none,0,WMH2017_Singapore_076,0.7057406663990365,0.5452853598014888,3.605550680335264,0.903462372190314,879,108,625,987,1504,false,false,"(2.9999992847442627, 1.0, 1.0)"
all,11,full,FLAIR+T1,none,0,WMH2017_Singapore_077,0.8047662694775435,0.6733128834355828,2.9999990463256836,0.4694735472885909,3073,565,926,3638,3999,false,false,"(2.9999990463256836, 1.0, 1.0)"
all,11,full,FLAIR+T1,none,0,WMH2017_Singapore_078,0.6017849553761156,0.43039513677811553,9.249143535666889,1.8075120485101575,708,100,837,808,1545,false,false,"(3.0000009536743164, 0.9999999403953552, 1.0)"
all,11,full,FLAIR+T1,none,0,WMH2017_Singapore_079,0.8095800303592512,0.6800793425899688,3,0.5041885363816436,2400,989,140,3389,2540,false,false,"(3.0000014305114746, 1.0, 0.9999999403953552)"
all,11,full,FLAIR+T1,none,0,WMH2017_Singapore_080,0.8533375364488928,0.7441924398625429,2.23606787087576,0.4395582139414194,5414,1019,842,6433,6256,false,false,"(3.0000009536743164, 1.0, 0.9999999403953552)"
all,11,full,FLAIR+T1,none,0,WMH2017_Singapore_081,0.8614193725167831,0.7565730100475302,3.0000007152557373,0.5431469901451006,12575,2217,1829,14792,14404,false,false,"(3.0000007152557373, 1.0, 1.0)"
all,11,full,FLAIR+T1,none,0,WMH2017_Singapore_082,0.8846635545941023,0.7931808901592486,1,0.29370439338244275,3885,797,216,4682,4101,false,false,"(3.0000011920928955, 1.0, 1.0)"
all,11,full,FLAIR+T1,none,0,WMH2017_Singapore_083,0.8166980539861896,0.6901856763925729,2.23606797749979,0.48781401339487995,1301,330,254,1631,1555,false,false,"(3.0, 1.0, 1.0)"
all,11,full,FLAIR+T1,none,0,WMH2017_Singapore_084,0.871260586120758,0.7718881571844974,1,0.308552848502207,7150,1331,782,8481,7932,false,false,"(2.999995708465576, 1.0, 1.0)"
all,11,full,FLAIR+T1,none,0,WMH2017_Singapore_085,0.8627878457555526,0.7586867960699737,1.4142135623730951,0.3733899807076368,6332,1592,422,7924,6754,false,false,"(2.9999992847442627, 1.0, 1.0)"
all,11,full,FLAIR+T1,none,0,WMH2017_Singapore_086,0.8408081387018197,0.7253399258343635,2,0.5140705029844758,8802,3084,249,11886,9051,false,false,"(2.9999969005584717, 1.0, 1.0)"
all,11,full,FLAIR+T1,none,0,WMH2017_Singapore_087,0.8948478867487919,0.8097056287720162,1,0.3026235883762923,6574,1361,184,7935,6758,false,false,"(3.000000476837158, 1.0, 1.0)"
all,11,full,FLAIR+T1,none,0,WMH2017_Singapore_088,0.695,0.5325670498084292,3.78040872945446,1.550144872167443,3197,1371,1435,4568,4632,false,false,"(3.0, 0.9999999403953552, 1.0)"
all,11,full,FLAIR+T1,none,0,WMH2017_Singapore_089,0.6263736263736264,0.456,10.85031543188584,1.7546616674433506,171,53,151,224,322,false,false,"(2.9999992847442627, 1.0, 1.0)"
all,11,full,FLAIR+T1,none,0,WMH2017_Singapore_090,0.7696594427244582,0.6255661801711122,2,0.4520689315258675,1243,542,202,1785,1445,false,false,"(2.9999988079071045, 1.0, 1.0)"
all,11,full,FLAIR+T1,none,0,WMH2017_Singapore_091,0.648742951493816,0.4801032876838659,11.57583739709985,3.415668184669654,20824,1098,21452,21922,42276,false,false,"(3.000001907348633, 1.0, 1.0)"
all,11,full,FLAIR+T1,none,0,WMH2017_Singapore_092,0.8495193492728618,0.7384038564542046,2.000000238418579,0.44158250556409756,6893,1908,534,8801,7427,false,false,"(2.9999985694885254, 1.0, 1.0000001192092896)"
all,11,full,FLAIR+T1,none,0,WMH2017_Singapore_093,0.8004201680672269,0.6672504378283712,3.0000030994415283,1.5623660256031628,3048,921,599,3969,3647,false,false,"(3.0000030994415283, 1.0, 0.9999999403953552)"
all,11,full,FLAIR+T1,none,0,WMH2017_Singapore_094,0.8414045286203179,0.7262280488791778,2.23606797749979,0.4378364455096656,8974,2664,719,11638,9693,false,false,"(3.0000016689300537, 1.0, 1.0)"
all,11,full,FLAIR+T1,none,0,WMH2017_Singapore_095,0.9002553331686023,0.8186039544637508,1,0.26566990091138776,5465,669,542,6134,6007,false,false,"(3.0000009536743164, 1.0, 1.0)"
all,11,full,FLAIR+T1,none,0,WMH2017_Singapore_096,0.9024574025910892,0.8222527350843779,1.4142135623730951,0.32609812896785567,18564,2121,1892,20685,20456,false,false,"(3.0, 1.0, 1.0)"
all,11,full,FLAIR+T1,none,0,WMH2017_Singapore_097,0.8429135585783238,0.7284793325748957,3.0000014305114746,0.6495980925036707,5763,748,1400,6511,7163,false,false,"(3.0000014305114746, 1.0, 1.0)"
all,11,full,FLAIR+T1,none,0,WMH2017_Singapore_098,0.8101983002832861,0.680952380952381,2.9999983310699463,1.4820566976081713,1287,404,199,1691,1486,false,false,"(2.9999983310699463, 1.0, 0.9999999403953552)"
all,11,full,FLAIR+T1,none,0,WMH2017_Singapore_099,0.8242848803269118,0.7010923535253227,3.162277886352104,0.6166577907636638,706,159,142,865,848,false,false,"(3.000000238418579, 0.9999999403953552, 1.0)"
all,11,full,FLAIR+T1,none,0,WMH2017_Utrecht_001,0.518813634351483,0.35026897788404066,18.24827683100063,3.1649386525593983,586,59,1028,645,1614,false,false,"(2.9999992847442627, 0.9583333730697632, 0.9583333730697632)"
all,11,full,FLAIR+T1,none,0,WMH2017_Utrecht_003,0.8343122524245322,0.7157253339582845,1.9166665077209473,0.47940914833295334,6108,1362,1064,7470,7172,false,false,"(3.000004291534424, 0.9583333730697632, 0.9583332538604736)"
all,11,full,FLAIR+T1,none,0,WMH2017_Utrecht_005,0.5944986690328306,0.42297979797979796,10.24102142730345,2.5828627939359854,335,34,423,369,758,false,false,"(3.0000009536743164, 0.9583332538604736, 0.9583333134651184)"
all,11,full,FLAIR+T1,none,0,WMH2017_Utrecht_007,0.8930940304330862,0.8068382093761015,0.9583333730697632,0.34637400989649103,9156,880,1312,10036,10468,false,false,"(3.000000238418579, 0.9583333730697632, 0.9583332538604736)"
all,11,full,FLAIR+T1,none,0,WMH2017_Utrecht_009,0.7790851583879429,0.6381158880493775,4.96113404179193,1.2481855001436222,47971,1724,25481,49695,73452,false,false,"(3.0000007152557373, 0.9583333134651184, 0.9583333730697632)"
all,11,full,FLAIR+T1,none,0,WMH2017_Utrecht_010,0.5130751406818934,0.3450578806767587,18.609895239517392,3.7685986080421388,1550,158,2784,1708,4334,false,false,"(2.999997138977051, 0.9583333730697632, 0.9583333730697632)"
all,11,full,FLAIR+T1,none,0,WMH2017_Utrecht_012,0.541507024265645,0.3712784588441331,12.380535587570748,2.5005215586863163,212,20,339,232,551,false,false,"(3.0000009536743164, 0.9583333134651184, 0.9583333134651184)"
all,11,full,FLAIR+T1,none,0,WMH2017_Utrecht_013,0.8878849443969205,0.7983750781212442,1.35528788488262,0.33678745429409873,16607,1905,2289,18512,18896,false,false,"(3.0000007152557373, 0.9583332538604736, 0.9583332538604736)"
all,11,full,FLAIR+T1,none,0,WMH2017_Utrecht_014,0.7787670460948947,0.6376891842008121,3,0.569754404244823,3455,242,1721,3697,5176,false,false,"(3.0, 0.9583333134651184, 0.9583333134651184)"
all,11,full,FLAIR+T1,none,0,WMH2017_Utrecht_015,0.6303030303030303,0.46017699115044247,8.288315418855504,1.5662663734594853,3172,490,3231,3662,6403,false,false,"(3.0, 0.9583333134651184, 0.9583332538604736)"
all,11,full,FLAIR+T1,none,0,WMH2017_Utrecht_016,0.8328696768671089,0.7136046938027136,3.000000476837158,0.5180180748445502,3892,778,784,4670,4676,false,false,"(3.000000476837158, 0.9583331942558289, 0.9583331942558289)"
all,11,full,FLAIR+T1,none,0,WMH2017_Utrecht_018,0.7214339058999253,0.5642523364485982,5.484573653633539,1.4112814151960802,483,79,294,562,777,false,false,"(3.0, 0.9583333134651184, 0.9583333134651184)"
all,11,full,FLAIR+T1,none,0,WMH2017_Utrecht_020,0.7233115468409586,0.5665529010238908,7.184209866447028,1.539461123919573,5644,2340,1978,7984,7622,false,false,"(3.0000009536743164, 0.9583333730697632, 0.9583333730697632)"
all,11,full,FLAIR+T1,none,0,WMH2017_Utrecht_022,0.8120466036491537,0.6835677276091784,12.649065547613514,1.6393125562207318,3694,789,921,4483,4615,false,false,"(2.9999942779541016, 0.9583333730697632, 0.9583333730697632)"
all,11,full,FLAIR+T1,none,0,WMH2017_Utrecht_024,0.8920904415966043,0.8052015029838651,1.3552880113231662,0.411200704544896,10929,894,1750,11823,12679,false,false,"(2.999999761581421, 0.9583333134651184, 0.9583333730697632)"
all,11,full,FLAIR+T1,none,0,WMH2017_Utrecht_026,0.874144106825215,0.7764262834386633,3.4553199006837887,1.7096215765417426,17937,1563,3602,19500,21539,false,false,"(2.999999761581421, 0.9583333134651184, 0.9583333134651184)"
all,11,full,FLAIR+T1,none,0,WMH2017_Utrecht_028,0.912467427606709,0.8390253779697624,0.9583333730697632,0.2788888706831445,12431,588,1797,13019,14228,false,false,"(2.999997138977051, 0.9583333730697632, 0.9583332538604736)"
all,11,full,FLAIR+T1,none,0,WMH2017_Utrecht_030,0.8902722829881312,0.8022438922092902,0.9583333730697632,0.3376888945271966,7651,1157,729,8808,8380,false,false,"(2.9999983310699463, 0.9583333730697632, 0.9583333730697632)"
all,11,full,FLAIR+T1,none,0,WMH2017_Utrecht_032,0.7620678408349641,0.6155974179949941,3.560001868431755,0.8854210703327435,4673,2579,339,7252,5012,false,false,"(3.000000238418579, 0.958333432674408, 0.9583332538604736)"
all,11,full,FLAIR+T1,none,0,WMH2017_Utrecht_034,0.7242424242424242,0.5676959619952494,15.446704869222325,1.9708811990187338,478,139,225,617,703,false,false,"(2.999999523162842, 0.9583333134651184, 0.9583333730697632)"
all,11,full,FLAIR+T1,none,0,WMH2017_Utrecht_036,0.7648054145516074,0.6191780821917808,4.801155938350434,1.032091352073654,452,83,195,535,647,false,false,"(3.0000009536743164, 0.9583333134651184, 0.9583333730697632)"
all,11,full,FLAIR+T1,none,0,WMH2017_Utrecht_038,0.7036328871892925,0.5427728613569321,3.6867347669063806,0.8682091195328843,920,148,627,1068,1547,false,false,"(3.0, 0.9583332538604736, 0.9583333134651184)"
all,11,full,FLAIR+T1,none,0,WMH2017_Utrecht_040,0.8487440844557699,0.7372332015810277,1.9166666269302368,0.5450228893644188,4663,924,738,5587,5401,false,false,"(3.000000238418579, 0.9583333134651184, 0.9583333134651184)"
all,11,full,FLAIR+T1,none,0,WMH2017_Utrecht_042,0.7984389348025712,0.6645013374092472,3.0000016689300537,0.5384567109499306,3478,121,1635,3599,5113,false,false,"(3.0000016689300537, 0.9583333730697632, 0.9583333730697632)"
all,11,full,FLAIR+T1,none,0,WMH2017_Utrecht_043,0.6072772898368883,0.436036036036036,46.05035123411126,5.135881653400012,242,132,181,374,423,false,false,"(3.000000476837158, 0.9583332538604736, 0.9583333134651184)"
all,11,full,FLAIR+T1,none,0,WMH2017_Utrecht_044,0.8244613434727504,0.7013477088948787,1.3552880113231662,0.6295957839251893,1301,120,434,1421,1735,false,false,"(3.0000014305114746, 0.9583333134651184, 0.9583333730697632)"
all,11,full,FLAIR+T1,none,0,WMH2017_Utrecht_045,0.7727771679473107,0.629695885509839,6.510206908637607,1.2251121462024173,704,32,382,736,1086,false,false,"(2.9999964237213135, 0.9583333730697632, 0.9583332538604736)"
all,11,full,FLAIR+T1,none,0,WMH2017_Utrecht_046,0.8961346473825675,0.8118151776914604,1.3552880113231662,0.3922756385757526,14003,2207,1039,16210,15042,false,false,"(2.9999959468841553, 0.9583333730697632, 0.9583333134651184)"
all,11,full,FLAIR+T1,none,0,WMH2017_Utrecht_047,0.7679608334282136,0.6233250161722577,4.04316919129897,0.8465170061740822,6745,2878,1198,9623,7943,false,false,"(2.9999990463256836, 0.9583333730697632, 0.9583333730697632)"
all,11,full,FLAIR+T1,none,0,WMH2017_Utrecht_048,0.5558312655086849,0.3848797250859107,18.02547599574771,3.347895276096754,448,539,177,987,625,false,false,"(2.999997138977051, 0.9583331942558289, 0.9583333730697632)"
