Dataset,Evaluation_Level,Fold,Checkpoint,Availability_Mask,Condition,Available_Modalities,Missing_Modalities,Missing_Count,Region,Cases,Metric_N,Dice,IoU,HD95_mm,ASSD_mm,Overall_Mean_Dice,Overall_Dice_Retention,Aggregation
BraTS2021,Fold,0,checkpoint_best.pth,1000,drop_t1_t1ce_t2,FLAIR,T1ce+T1+T2,3,WT,251,251,0.9133608806451904,0.8478635404403195,2.334588584317306,,0.730770219405905,0.8094372437022942,Fold case mean; NaN excluded
BraTS2021,Fold,0,checkpoint_best.pth,1000,drop_t1_t1ce_t2,FLAIR,T1ce+T1+T2,3,TC,251,251,0.7321790374646175,0.611562547442474,6.213571414685951,,0.730770219405905,0.8094372437022942,Fold case mean; NaN excluded
BraTS2021,Fold,0,checkpoint_best.pth,1000,drop_t1_t1ce_t2,FLAIR,T1ce+T1+T2,3,ET,251,251,0.546770740107907,0.4053518254132719,7.819323484869538,,0.730770219405905,0.8094372437022942,Fold case mean; NaN excluded
BraTS2021,Fold,0,checkpoint_best.pth,0100,drop_t1_t2_flair,T1ce,FLAIR+T1+T2,3,WT,251,251,0.7771473404561818,0.6605954223760176,7.26444005137572,,0.8286239545615578,0.9178248812482774,Fold case mean; NaN excluded
BraTS2021,Fold,0,checkpoint_best.pth,0100,drop_t1_t2_flair,T1ce,FLAIR+T1+T2,3,TC,251,251,0.8785067073140274,0.8208841128944482,3.901557445231425,,0.8286239545615578,0.9178248812482774,Fold case mean; NaN excluded
BraTS2021,Fold,0,checkpoint_best.pth,0100,drop_t1_t2_flair,T1ce,FLAIR+T1+T2,3,ET,251,251,0.8302178159144642,0.7534021512664422,4.576221322136903,,0.8286239545615578,0.9178248812482774,Fold case mean; NaN excluded
BraTS2021,Fold,0,checkpoint_best.pth,0010,drop_t1ce_t2_flair,T1,FLAIR+T1ce+T2,3,WT,251,251,0.7778861213606414,0.6576459307346972,7.433504592523505,,0.6582046372564264,0.729060015343867,Fold case mean; NaN excluded
BraTS2021,Fold,0,checkpoint_best.pth,0010,drop_t1ce_t2_flair,T1,FLAIR+T1ce+T2,3,TC,251,251,0.6915062987835386,0.567987862695923,8.274023616090796,,0.6582046372564264,0.729060015343867,Fold case mean; NaN excluded
BraTS2021,Fold,0,checkpoint_best.pth,0010,drop_t1ce_t2_flair,T1,FLAIR+T1ce+T2,3,ET,251,251,0.5052214916250996,0.3667056343787051,9.828912264361158,,0.6582046372564264,0.729060015343867,Fold case mean; NaN excluded
BraTS2021,Fold,0,checkpoint_best.pth,0001,drop_t1_t1ce_flair,T2,FLAIR+T1ce+T1,3,WT,251,251,0.8739882605037768,0.7875524636387551,3.629623735847815,,0.7207459933604711,0.7983339150704005,Fold case mean; NaN excluded
BraTS2021,Fold,0,checkpoint_best.pth,0001,drop_t1_t1ce_flair,T2,FLAIR+T1ce+T1,3,TC,251,251,0.7295747776728653,0.6076687180387107,6.433698369768973,,0.7207459933604711,0.7983339150704005,Fold case mean; NaN excluded
BraTS2021,Fold,0,checkpoint_best.pth,0001,drop_t1_t1ce_flair,T2,FLAIR+T1ce+T1,3,ET,251,251,0.558674941904771,0.4171203792360975,8.035170178789793,,0.7207459933604711,0.7983339150704005,Fold case mean; NaN excluded
BraTS2021,Fold,0,checkpoint_best.pth,1100,drop_t1_t2,FLAIR+T1ce,T1+T2,2,WT,251,251,0.9270195101620492,0.8696724250840444,2.1477253294815664,,0.8970860868758539,0.9936569255857124,Fold case mean; NaN excluded
BraTS2021,Fold,0,checkpoint_best.pth,1100,drop_t1_t2,FLAIR+T1ce,T1+T2,2,TC,251,251,0.9095610223148872,0.8569472767984098,1.3167019928383086,,0.8970860868758539,0.9936569255857124,Fold case mean; NaN excluded
BraTS2021,Fold,0,checkpoint_best.pth,1100,drop_t1_t2,FLAIR+T1ce,T1+T2,2,ET,251,251,0.8546777281506253,0.7838151261065051,2.1549491075708107,,0.8970860868758539,0.9936569255857124,Fold case mean; NaN excluded
BraTS2021,Fold,0,checkpoint_best.pth,1010,drop_t1ce_t2,FLAIR+T1,T1ce+T2,2,WT,251,251,0.9233030434485768,0.86327470716221,2.3183151696571467,,0.766596515600126,0.8491202215706146,Fold case mean; NaN excluded
BraTS2021,Fold,0,checkpoint_best.pth,1010,drop_t1ce_t2,FLAIR+T1,T1ce+T2,2,TC,251,251,0.7760731230481055,0.6656675827859709,4.588789098255194,,0.766596515600126,0.8491202215706146,Fold case mean; NaN excluded
BraTS2021,Fold,0,checkpoint_best.pth,1010,drop_t1ce_t2,FLAIR+T1,T1ce+T2,2,ET,251,251,0.6004133803036958,0.4609115793879296,6.328029591977566,,0.766596515600126,0.8491202215706146,Fold case mean; NaN excluded
BraTS2021,Fold,0,checkpoint_best.pth,1001,drop_t1_t1ce,FLAIR+T2,T1ce+T1,2,WT,251,251,0.9254611234444972,0.8669373844137478,2.340975516922772,,0.7733969367055766,0.8566527043804449,Fold case mean; NaN excluded
BraTS2021,Fold,0,checkpoint_best.pth,1001,drop_t1_t1ce,FLAIR+T2,T1ce+T1,2,TC,251,251,0.7766040689983289,0.6657616515429109,4.577518932689633,,0.7733969367055766,0.8566527043804449,Fold case mean; NaN excluded
BraTS2021,Fold,0,checkpoint_best.pth,1001,drop_t1_t1ce,FLAIR+T2,T1ce+T1,2,ET,251,251,0.618125617673904,0.479481753248499,6.082164119919689,,0.7733969367055766,0.8566527043804449,Fold case mean; NaN excluded
BraTS2021,Fold,0,checkpoint_best.pth,0110,drop_t2_flair,T1ce+T1,FLAIR+T2,2,WT,251,251,0.8080285676596315,0.6996585832506419,5.970250219408371,,0.8518757317112514,0.9435796998046888,Fold case mean; NaN excluded
BraTS2021,Fold,0,checkpoint_best.pth,0110,drop_t2_flair,T1ce+T1,FLAIR+T2,2,TC,251,251,0.9021495496469693,0.8494886026207167,2.4522404810379586,,0.8518757317112514,0.9435796998046888,Fold case mean; NaN excluded
BraTS2021,Fold,0,checkpoint_best.pth,0110,drop_t2_flair,T1ce+T1,FLAIR+T2,2,ET,251,251,0.8454490778271535,0.7742680617606745,3.054030322378106,,0.8518757317112514,0.9435796998046888,Fold case mean; NaN excluded
BraTS2021,Fold,0,checkpoint_best.pth,0101,drop_t1_flair,T1ce+T2,FLAIR+T1,2,WT,251,251,0.8905704265594192,0.8122032182136081,3.4235326821766434,,0.8809609455734201,0.9757959214238798,Fold case mean; NaN excluded
BraTS2021,Fold,0,checkpoint_best.pth,0101,drop_t1_flair,T1ce+T2,FLAIR+T1,2,TC,251,251,0.905895942924458,0.854244068460268,1.8442855221247536,,0.8809609455734201,0.9757959214238798,Fold case mean; NaN excluded
BraTS2021,Fold,0,checkpoint_best.pth,0101,drop_t1_flair,T1ce+T2,FLAIR+T1,2,ET,251,251,0.8464164672363832,0.7752214236582803,2.4594118086746337,,0.8809609455734201,0.9757959214238798,Fold case mean; NaN excluded
BraTS2021,Fold,0,checkpoint_best.pth,0011,drop_t1ce_flair,T1+T2,FLAIR+T1ce,2,WT,251,251,0.8870430754334672,0.806996177808592,3.089440128632364,,0.7404830371787083,0.8201956411271264,Fold case mean; NaN excluded
BraTS2021,Fold,0,checkpoint_best.pth,0011,drop_t1ce_flair,T1+T2,FLAIR+T1ce,2,TC,251,251,0.752213872555443,0.6357762368263654,5.176885785279205,,0.7404830371787083,0.8201956411271264,Fold case mean; NaN excluded
BraTS2021,Fold,0,checkpoint_best.pth,0011,drop_t1ce_flair,T1+T2,FLAIR+T1ce,2,ET,251,251,0.5821921635472149,0.4420452667576436,6.863886021184979,,0.7404830371787083,0.8201956411271264,Fold case mean; NaN excluded
BraTS2021,Fold,0,checkpoint_best.pth,1110,drop_t2,FLAIR+T1ce+T1,T2,1,WT,251,251,0.9296161592797824,0.8741524812529778,2.1577863864842577,,0.901235424639343,0.998252937346015,Fold case mean; NaN excluded
BraTS2021,Fold,0,checkpoint_best.pth,1110,drop_t2,FLAIR+T1ce+T1,T2,1,TC,251,251,0.9136643083968018,0.8642737502096278,1.2941017784410265,,0.901235424639343,0.998252937346015,Fold case mean; NaN excluded
BraTS2021,Fold,0,checkpoint_best.pth,1110,drop_t2,FLAIR+T1ce+T1,T2,1,ET,251,251,0.8604258062414452,0.7934736471480275,1.963979469998996,,0.901235424639343,0.998252937346015,Fold case mean; NaN excluded
BraTS2021,Fold,0,checkpoint_best.pth,1101,drop_t1,FLAIR+T1ce+T2,T1,1,WT,251,251,0.932902943529475,0.8797295938302633,1.8672472373721245,,0.9006275535496973,0.997579629257832,Fold case mean; NaN excluded
BraTS2021,Fold,0,checkpoint_best.pth,1101,drop_t1,FLAIR+T1ce+T2,T1,1,TC,251,251,0.9133125638004584,0.862992220462042,1.2474076359745163,,0.9006275535496973,0.997579629257832,Fold case mean; NaN excluded
BraTS2021,Fold,0,checkpoint_best.pth,1101,drop_t1,FLAIR+T1ce+T2,T1,1,ET,251,251,0.8556671533191582,0.7863112165678101,1.9748800039015155,,0.9006275535496973,0.997579629257832,Fold case mean; NaN excluded
BraTS2021,Fold,0,checkpoint_best.pth,1011,drop_t1ce,FLAIR+T1+T2,T1ce,1,WT,251,251,0.927998814415772,0.8710807958143559,1.970472696444537,,0.7809505826284341,0.865019496257475,Fold case mean; NaN excluded
BraTS2021,Fold,0,checkpoint_best.pth,1011,drop_t1ce,FLAIR+T1+T2,T1ce,1,TC,251,251,0.7873013330198361,0.6797622993894143,4.238368289019056,,0.7809505826284341,0.865019496257475,Fold case mean; NaN excluded
BraTS2021,Fold,0,checkpoint_best.pth,1011,drop_t1ce,FLAIR+T1+T2,T1ce,1,ET,251,251,0.6275516004496938,0.4913313519346218,5.789024773113066,,0.7809505826284341,0.865019496257475,Fold case mean; NaN excluded
BraTS2021,Fold,0,checkpoint_best.pth,0111,drop_flair,T1ce+T1+T2,FLAIR,1,WT,251,251,0.8958914503491568,0.8204050585979888,3.231533829688626,,0.8856126769854185,0.9809484092409564,Fold case mean; NaN excluded
BraTS2021,Fold,0,checkpoint_best.pth,0111,drop_flair,T1ce+T1+T2,FLAIR,1,TC,251,251,0.9089504156075936,0.8591471832160954,1.5050647859477169,,0.8856126769854185,0.9809484092409564,Fold case mean; NaN excluded
BraTS2021,Fold,0,checkpoint_best.pth,0111,drop_flair,T1ce+T1+T2,FLAIR,1,ET,251,251,0.8519961649995049,0.7833849598266489,2.025961734102155,,0.8856126769854185,0.9809484092409564,Fold case mean; NaN excluded
BraTS2021,Fold,0,checkpoint_best.pth,1111,none,FLAIR+T1ce+T1+T2,none,0,WT,251,251,0.933543603931708,0.881090106749788,1.9543842476584343,,0.9028126949822902,1,Fold case mean; NaN excluded
BraTS2021,Fold,0,checkpoint_best.pth,1111,none,FLAIR+T1ce+T1+T2,none,0,TC,251,251,0.9148251978468156,0.8667640418118069,1.2558508903360213,,0.9028126949822902,1,Fold case mean; NaN excluded
BraTS2021,Fold,0,checkpoint_best.pth,1111,none,FLAIR+T1ce+T1+T2,none,0,ET,251,251,0.8600692831683471,0.793143217687871,1.9161754198424137,,0.9028126949822902,1,Fold case mean; NaN excluded
BraTS2021,Fold,1,checkpoint_best.pth,1000,drop_t1_t1ce_t2,FLAIR,T1ce+T1+T2,3,WT,250,250,0.9076592909172698,0.8413751023579452,2.114765648493125,,0.7392854368718518,0.8208839940954091,Fold case mean; NaN excluded
BraTS2021,Fold,1,checkpoint_best.pth,1000,drop_t1_t1ce_t2,FLAIR,T1ce+T1+T2,3,TC,250,250,0.7477707439240648,0.6259392159147379,5.099623169416654,,0.7392854368718518,0.8208839940954091,Fold case mean; NaN excluded
BraTS2021,Fold,1,checkpoint_best.pth,1000,drop_t1_t1ce_t2,FLAIR,T1ce+T1+T2,3,ET,250,250,0.5624262757742206,0.4178299964187973,6.516610514164564,,0.7392854368718518,0.8208839940954091,Fold case mean; NaN excluded
BraTS2021,Fold,1,checkpoint_best.pth,0100,drop_t1_t2_flair,T1ce,FLAIR+T1+T2,3,WT,250,250,0.7830816589340527,0.6657717231095096,7.542640565292171,,0.8324898140623137,0.9243757952311372,Fold case mean; NaN excluded
BraTS2021,Fold,1,checkpoint_best.pth,0100,drop_t1_t2_flair,T1ce,FLAIR+T1+T2,3,TC,250,250,0.8781684660021231,0.8152110113053691,3.444768096638716,,0.8324898140623137,0.9243757952311372,Fold case mean; NaN excluded
BraTS2021,Fold,1,checkpoint_best.pth,0100,drop_t1_t2_flair,T1ce,FLAIR+T1+T2,3,ET,250,250,0.8362193172507655,0.7555757219067557,3.3669587060881376,,0.8324898140623137,0.9243757952311372,Fold case mean; NaN excluded
BraTS2021,Fold,1,checkpoint_best.pth,0010,drop_t1ce_t2_flair,T1,FLAIR+T1ce+T2,3,WT,250,250,0.779224066659568,0.6601369029921417,8.164787456767122,,0.6551448604617692,0.7274564098577785,Fold case mean; NaN excluded
BraTS2021,Fold,1,checkpoint_best.pth,0010,drop_t1ce_t2_flair,T1,FLAIR+T1ce+T2,3,TC,250,250,0.6867642993191048,0.5568445037064669,8.608135608537797,,0.6551448604617692,0.7274564098577785,Fold case mean; NaN excluded
BraTS2021,Fold,1,checkpoint_best.pth,0010,drop_t1ce_t2_flair,T1,FLAIR+T1ce+T2,3,ET,250,250,0.499446215406635,0.3563946654470676,9.783153268591448,,0.6551448604617692,0.7274564098577785,Fold case mean; NaN excluded
BraTS2021,Fold,1,checkpoint_best.pth,0001,drop_t1_t1ce_flair,T2,FLAIR+T1ce+T1,3,WT,250,250,0.8699203006018523,0.7843908935351175,3.4358820002002104,,0.7150574864664305,0.7939818860521323,Fold case mean; NaN excluded
BraTS2021,Fold,1,checkpoint_best.pth,0001,drop_t1_t1ce_flair,T2,FLAIR+T1ce+T1,3,TC,250,250,0.7204883445041321,0.5987774924963171,6.236341045393107,,0.7150574864664305,0.7939818860521323,Fold case mean; NaN excluded
BraTS2021,Fold,1,checkpoint_best.pth,0001,drop_t1_t1ce_flair,T2,FLAIR+T1ce+T1,3,ET,250,250,0.554763814293307,0.4084751974413778,7.243941179116432,,0.7150574864664305,0.7939818860521323,Fold case mean; NaN excluded
BraTS2021,Fold,1,checkpoint_best.pth,1100,drop_t1_t2,FLAIR+T1ce,T1+T2,2,WT,250,250,0.9177013559354548,0.8589494113021552,2.9484009316053807,,0.8919950480181958,0.9904489135194844,Fold case mean; NaN excluded
BraTS2021,Fold,1,checkpoint_best.pth,1100,drop_t1_t2,FLAIR+T1ce,T1+T2,2,TC,250,250,0.9010805390582124,0.84474727969006,1.896118152453621,,0.8919950480181958,0.9904489135194844,Fold case mean; NaN excluded
BraTS2021,Fold,1,checkpoint_best.pth,1100,drop_t1_t2,FLAIR+T1ce,T1+T2,2,ET,250,250,0.8572032490609203,0.7832900720667095,2.373401452920116,,0.8919950480181958,0.9904489135194844,Fold case mean; NaN excluded
BraTS2021,Fold,1,checkpoint_best.pth,1010,drop_t1ce_t2,FLAIR+T1,T1ce+T2,2,WT,250,250,0.916487773853836,0.8550795280339583,2.0280170188326365,,0.7598815909752675,0.8437534466778319,Fold case mean; NaN excluded
BraTS2021,Fold,1,checkpoint_best.pth,1010,drop_t1ce_t2,FLAIR+T1,T1ce+T2,2,TC,250,250,0.7680283155810745,0.6535338292581351,4.747822302652058,,0.7598815909752675,0.8437534466778319,Fold case mean; NaN excluded
BraTS2021,Fold,1,checkpoint_best.pth,1010,drop_t1ce_t2,FLAIR+T1,T1ce+T2,2,ET,250,250,0.5951286834908922,0.4513955680761535,5.862272929746722,,0.7598815909752675,0.8437534466778319,Fold case mean; NaN excluded
BraTS2021,Fold,1,checkpoint_best.pth,1001,drop_t1_t1ce,FLAIR+T2,T1ce+T1,2,WT,250,250,0.9189166135149792,0.8597294669184438,1.6327477588470871,,0.7703091189968236,0.8553319120769285,Fold case mean; NaN excluded
BraTS2021,Fold,1,checkpoint_best.pth,1001,drop_t1_t1ce,FLAIR+T2,T1ce+T1,2,TC,250,250,0.7747152649625684,0.660732388632171,4.610794951577756,,0.7703091189968236,0.8553319120769285,Fold case mean; NaN excluded
BraTS2021,Fold,1,checkpoint_best.pth,1001,drop_t1_t1ce,FLAIR+T2,T1ce+T1,2,ET,250,250,0.6172954785129235,0.4743087187302668,5.485397015721743,,0.7703091189968236,0.8553319120769285,Fold case mean; NaN excluded
BraTS2021,Fold,1,checkpoint_best.pth,0110,drop_t2_flair,T1ce+T1,FLAIR+T2,2,WT,250,250,0.8125658643427187,0.7039165562046912,6.050619754312895,,0.8532278623918926,0.9474028036009492,Fold case mean; NaN excluded
BraTS2021,Fold,1,checkpoint_best.pth,0110,drop_t2_flair,T1ce+T1,FLAIR+T2,2,TC,250,250,0.8948523531792321,0.838031467646317,1.760661564268174,,0.8532278623918926,0.9474028036009492,Fold case mean; NaN excluded
BraTS2021,Fold,1,checkpoint_best.pth,0110,drop_t2_flair,T1ce+T1,FLAIR+T2,2,ET,250,250,0.8522653696537273,0.7771026287292022,1.9926746145459069,,0.8532278623918926,0.9474028036009492,Fold case mean; NaN excluded
BraTS2021,Fold,1,checkpoint_best.pth,0101,drop_t1_flair,T1ce+T2,FLAIR+T1,2,WT,250,250,0.8859537242268309,0.8081350744633273,3.065417372095198,,0.8760532310313268,0.9727475200540704,Fold case mean; NaN excluded
BraTS2021,Fold,1,checkpoint_best.pth,0101,drop_t1_flair,T1ce+T2,FLAIR+T1,2,TC,250,250,0.8935073567166371,0.837392372489997,2.021262599405844,,0.8760532310313268,0.9727475200540704,Fold case mean; NaN excluded
BraTS2021,Fold,1,checkpoint_best.pth,0101,drop_t1_flair,T1ce+T2,FLAIR+T1,2,ET,250,250,0.8486986121505127,0.7742446978727358,2.3707317588343213,,0.8760532310313268,0.9727475200540704,Fold case mean; NaN excluded
BraTS2021,Fold,1,checkpoint_best.pth,0011,drop_t1ce_flair,T1+T2,FLAIR+T1ce,2,WT,250,250,0.8840021846070645,0.804642708119272,2.9509970228412787,,0.7376546022878349,0.8190731563049323,Fold case mean; NaN excluded
BraTS2021,Fold,1,checkpoint_best.pth,0011,drop_t1ce_flair,T1+T2,FLAIR+T1ce,2,TC,250,250,0.7480400108994723,0.6298764510201258,5.579617345133369,,0.7376546022878349,0.8190731563049323,Fold case mean; NaN excluded
BraTS2021,Fold,1,checkpoint_best.pth,0011,drop_t1ce_flair,T1+T2,FLAIR+T1ce,2,ET,250,250,0.580921611356968,0.4348262602259107,6.64375303304387,,0.7376546022878349,0.8190731563049323,Fold case mean; NaN excluded
BraTS2021,Fold,1,checkpoint_best.pth,1110,drop_t2,FLAIR+T1ce+T1,T2,1,WT,250,250,0.923175986474921,0.8667849209058965,2.248431685593008,,0.8963863051548545,0.9953248552297566,Fold case mean; NaN excluded
BraTS2021,Fold,1,checkpoint_best.pth,1110,drop_t2,FLAIR+T1ce+T1,T2,1,TC,250,250,0.9049299242253556,0.8535605895759675,1.7852672567821908,,0.8963863051548545,0.9953248552297566,Fold case mean; NaN excluded
BraTS2021,Fold,1,checkpoint_best.pth,1110,drop_t2,FLAIR+T1ce+T1,T2,1,ET,250,250,0.8610530047642873,0.791231918036681,2.257422148489564,,0.8963863051548545,0.9953248552297566,Fold case mean; NaN excluded
BraTS2021,Fold,1,checkpoint_best.pth,1101,drop_t1,FLAIR+T1ce+T2,T1,1,WT,250,250,0.9264661590642416,0.8727643501709934,1.856626460402172,,0.8964030668331583,0.995343466976651,Fold case mean; NaN excluded
BraTS2021,Fold,1,checkpoint_best.pth,1101,drop_t1,FLAIR+T1ce+T2,T1,1,TC,250,250,0.9031306955064704,0.8488291511160496,1.9242430767720584,,0.8964030668331583,0.995343466976651,Fold case mean; NaN excluded
BraTS2021,Fold,1,checkpoint_best.pth,1101,drop_t1,FLAIR+T1ce+T2,T1,1,ET,250,250,0.8596123459287628,0.7868860869689167,2.339671365564313,,0.8964030668331583,0.995343466976651,Fold case mean; NaN excluded
BraTS2021,Fold,1,checkpoint_best.pth,1011,drop_t1ce,FLAIR+T1+T2,T1ce,1,WT,250,250,0.9219856339593836,0.8645939716844286,1.5138516215002968,,0.7760072480617636,0.8616589715757481,Fold case mean; NaN excluded
BraTS2021,Fold,1,checkpoint_best.pth,1011,drop_t1ce,FLAIR+T1+T2,T1ce,1,TC,250,250,0.7802558107154954,0.6702064589768494,4.7893893096432105,,0.7760072480617636,0.8616589715757481,Fold case mean; NaN excluded
BraTS2021,Fold,1,checkpoint_best.pth,1011,drop_t1ce,FLAIR+T1+T2,T1ce,1,ET,250,250,0.6257802995104117,0.4843457002115079,5.709553013108184,,0.7760072480617636,0.8616589715757481,Fold case mean; NaN excluded
BraTS2021,Fold,1,checkpoint_best.pth,0111,drop_flair,T1ce+T1+T2,FLAIR,1,WT,250,250,0.8916263841345572,0.8167158310423206,2.9660205161571223,,0.8856999763029614,0.9834590238841844,Fold case mean; NaN excluded
BraTS2021,Fold,1,checkpoint_best.pth,0111,drop_flair,T1ce+T1+T2,FLAIR,1,TC,250,250,0.9016652290407784,0.8490803256487612,1.587718255346059,,0.8856999763029614,0.9834590238841844,Fold case mean; NaN excluded
BraTS2021,Fold,1,checkpoint_best.pth,0111,drop_flair,T1ce+T1+T2,FLAIR,1,ET,250,250,0.8638083157335484,0.7920571869540475,1.9000775353622883,,0.8856999763029614,0.9834590238841844,Fold case mean; NaN excluded
BraTS2021,Fold,1,checkpoint_best.pth,1111,none,FLAIR+T1ce+T1+T2,none,0,WT,250,250,0.9282413410467388,0.8755194453447119,2.1594540670049964,,0.900596725224888,1,Fold case mean; NaN excluded
BraTS2021,Fold,1,checkpoint_best.pth,1111,none,FLAIR+T1ce+T1+T2,none,0,TC,250,250,0.9070338642670968,0.8556298852866129,1.834513201106276,,0.900596725224888,1,Fold case mean; NaN excluded
BraTS2021,Fold,1,checkpoint_best.pth,1111,none,FLAIR+T1ce+T1+T2,none,0,ET,250,250,0.8665149703608288,0.7963548848898923,2.288694578287814,,0.900596725224888,1,Fold case mean; NaN excluded
BraTS2021,Fold,2,checkpoint_best.pth,1000,drop_t1_t1ce_t2,FLAIR,T1ce+T1+T2,3,WT,250,250,0.9101099766531132,0.8442743425206182,2.3111238665379688,,0.7342146516884109,0.8088027276496648,Fold case mean; NaN excluded
BraTS2021,Fold,2,checkpoint_best.pth,1000,drop_t1_t1ce_t2,FLAIR,T1ce+T1+T2,3,TC,250,250,0.7348019106678829,0.6166190319191877,5.9314624386668,,0.7342146516884109,0.8088027276496648,Fold case mean; NaN excluded
BraTS2021,Fold,2,checkpoint_best.pth,1000,drop_t1_t1ce_t2,FLAIR,T1ce+T1+T2,3,ET,250,250,0.5577320677442364,0.4135775825944761,7.226895946606758,,0.7342146516884109,0.8088027276496648,Fold case mean; NaN excluded
BraTS2021,Fold,2,checkpoint_best.pth,0100,drop_t1_t2_flair,T1ce,FLAIR+T1+T2,3,WT,250,250,0.7915575832082092,0.6765131414458562,6.821907068653037,,0.8428979114319052,0.9285270027349568,Fold case mean; NaN excluded
BraTS2021,Fold,2,checkpoint_best.pth,0100,drop_t1_t2_flair,T1ce,FLAIR+T1+T2,3,TC,250,250,0.8898793422623944,0.8326953655650534,3.290815939794689,,0.8428979114319052,0.9285270027349568,Fold case mean; NaN excluded
BraTS2021,Fold,2,checkpoint_best.pth,0100,drop_t1_t2_flair,T1ce,FLAIR+T1+T2,3,ET,250,250,0.8472568088251119,0.7708441756759422,3.212961467228986,,0.8428979114319052,0.9285270027349568,Fold case mean; NaN excluded
BraTS2021,Fold,2,checkpoint_best.pth,0010,drop_t1ce_t2_flair,T1,FLAIR+T1ce+T2,3,WT,250,250,0.7728986866618373,0.6533064771788247,8.127539944257252,,0.6525335835452245,0.7188237677370208,Fold case mean; NaN excluded
BraTS2021,Fold,2,checkpoint_best.pth,0010,drop_t1ce_t2_flair,T1,FLAIR+T1ce+T2,3,TC,250,250,0.6785456216565514,0.5557978453021174,9.34110847553403,,0.6525335835452245,0.7188237677370208,Fold case mean; NaN excluded
BraTS2021,Fold,2,checkpoint_best.pth,0010,drop_t1ce_t2_flair,T1,FLAIR+T1ce+T2,3,ET,250,250,0.5061564423172848,0.3650092553159862,10.568982905051785,,0.6525335835452245,0.7188237677370208,Fold case mean; NaN excluded
BraTS2021,Fold,2,checkpoint_best.pth,0001,drop_t1_t1ce_flair,T2,FLAIR+T1ce+T1,3,WT,250,250,0.8782192538865945,0.7939856509309686,3.796152466304125,,0.7253277601773324,0.7990130263981875,Fold case mean; NaN excluded
BraTS2021,Fold,2,checkpoint_best.pth,0001,drop_t1_t1ce_flair,T2,FLAIR+T1ce+T1,3,TC,250,250,0.7318402665845161,0.6139989317740348,6.437695116671373,,0.7253277601773324,0.7990130263981875,Fold case mean; NaN excluded
BraTS2021,Fold,2,checkpoint_best.pth,0001,drop_t1_t1ce_flair,T2,FLAIR+T1ce+T1,3,ET,250,250,0.5659237600608867,0.4208323858955605,7.535678327905573,,0.7253277601773324,0.7990130263981875,Fold case mean; NaN excluded
BraTS2021,Fold,2,checkpoint_best.pth,1100,drop_t1_t2,FLAIR+T1ce,T1+T2,2,WT,250,250,0.9272440476070772,0.8720741849357551,1.6492996713081227,,0.9040768974115636,0.9959210960309696,Fold case mean; NaN excluded
BraTS2021,Fold,2,checkpoint_best.pth,1100,drop_t1_t2,FLAIR+T1ce,T1+T2,2,TC,250,250,0.9166941493758548,0.8656264990834639,1.5835958955175216,,0.9040768974115636,0.9959210960309696,Fold case mean; NaN excluded
BraTS2021,Fold,2,checkpoint_best.pth,1100,drop_t1_t2,FLAIR+T1ce,T1+T2,2,ET,250,250,0.8682924952517586,0.7981928962851066,1.8632006454903247,,0.9040768974115636,0.9959210960309696,Fold case mean; NaN excluded
BraTS2021,Fold,2,checkpoint_best.pth,1010,drop_t1ce_t2,FLAIR+T1,T1ce+T2,2,WT,250,250,0.9190259226639094,0.8602941766284842,1.933726989958372,,0.7618069615974191,0.8391981106146339,Fold case mean; NaN excluded
BraTS2021,Fold,2,checkpoint_best.pth,1010,drop_t1ce_t2,FLAIR+T1,T1ce+T2,2,TC,250,250,0.7669519368168064,0.6563271826754642,5.256853141771011,,0.7618069615974191,0.8391981106146339,Fold case mean; NaN excluded
BraTS2021,Fold,2,checkpoint_best.pth,1010,drop_t1ce_t2,FLAIR+T1,T1ce+T2,2,ET,250,250,0.5994430253115415,0.4553303731039027,6.536660670209189,,0.7618069615974191,0.8391981106146339,Fold case mean; NaN excluded
BraTS2021,Fold,2,checkpoint_best.pth,1001,drop_t1_t1ce,FLAIR+T2,T1ce+T1,2,WT,250,250,0.9237744770235374,0.8667473222477838,1.857909939880345,,0.7713026272883958,0.8496584307594989,Fold case mean; NaN excluded
BraTS2021,Fold,2,checkpoint_best.pth,1001,drop_t1_t1ce,FLAIR+T2,T1ce+T1,2,TC,250,250,0.7725586073538644,0.6647629609840116,5.2480236534454825,,0.7713026272883958,0.8496584307594989,Fold case mean; NaN excluded
BraTS2021,Fold,2,checkpoint_best.pth,1001,drop_t1_t1ce,FLAIR+T2,T1ce+T1,2,ET,250,250,0.6175747974877854,0.4763013191552702,6.114916877876302,,0.7713026272883958,0.8496584307594989,Fold case mean; NaN excluded
BraTS2021,Fold,2,checkpoint_best.pth,0110,drop_t2_flair,T1ce+T1,FLAIR+T2,2,WT,250,250,0.8190831803630049,0.7108185496425119,5.711013523636402,,0.8600856580734474,0.947460834052355,Fold case mean; NaN excluded
BraTS2021,Fold,2,checkpoint_best.pth,0110,drop_t2_flair,T1ce+T1,FLAIR+T2,2,TC,250,250,0.9062752424163666,0.8522921728309582,1.672964201032639,,0.8600856580734474,0.947460834052355,Fold case mean; NaN excluded
BraTS2021,Fold,2,checkpoint_best.pth,0110,drop_t2_flair,T1ce+T1,FLAIR+T2,2,ET,250,250,0.8548985514409704,0.7817462078609612,2.4170841843107134,,0.8600856580734474,0.947460834052355,Fold case mean; NaN excluded
BraTS2021,Fold,2,checkpoint_best.pth,0101,drop_t1_flair,T1ce+T2,FLAIR+T1,2,WT,250,250,0.8975813804645609,0.824375778653017,2.56356186714422,,0.8903948426275647,0.980849096032464,Fold case mean; NaN excluded
BraTS2021,Fold,2,checkpoint_best.pth,0101,drop_t1_flair,T1ce+T2,FLAIR+T1,2,TC,250,250,0.913228345978462,0.8622117541443918,1.5949997611036897,,0.8903948426275647,0.980849096032464,Fold case mean; NaN excluded
BraTS2021,Fold,2,checkpoint_best.pth,0101,drop_t1_flair,T1ce+T2,FLAIR+T1,2,ET,250,250,0.8603748014396715,0.7897799708014133,2.059047113428935,,0.8903948426275647,0.980849096032464,Fold case mean; NaN excluded
BraTS2021,Fold,2,checkpoint_best.pth,0011,drop_t1ce_flair,T1+T2,FLAIR+T1ce,2,WT,250,250,0.8896007336288283,0.8122796672580301,2.700089071185115,,0.7407281185441579,0.8159778905904603,Fold case mean; NaN excluded
BraTS2021,Fold,2,checkpoint_best.pth,0011,drop_t1ce_flair,T1+T2,FLAIR+T1ce,2,TC,250,250,0.7480480624308461,0.6333950590300101,6.149616628872416,,0.7407281185441579,0.8159778905904603,Fold case mean; NaN excluded
BraTS2021,Fold,2,checkpoint_best.pth,0011,drop_t1ce_flair,T1+T2,FLAIR+T1ce,2,ET,250,250,0.5845355595727992,0.439583169965579,7.409055217965025,,0.7407281185441579,0.8159778905904603,Fold case mean; NaN excluded
BraTS2021,Fold,2,checkpoint_best.pth,1110,drop_t2,FLAIR+T1ce+T1,T2,1,WT,250,250,0.9304113778469808,0.8770183323188717,1.454878747810462,,0.9074906977324368,0.9996817006509184,Fold case mean; NaN excluded
BraTS2021,Fold,2,checkpoint_best.pth,1110,drop_t2,FLAIR+T1ce+T1,T2,1,TC,250,250,0.9203204511753088,0.8711766160031537,1.511777057229926,,0.9074906977324368,0.9996817006509184,Fold case mean; NaN excluded
BraTS2021,Fold,2,checkpoint_best.pth,1110,drop_t2,FLAIR+T1ce+T1,T2,1,ET,250,250,0.8717402641750207,0.8041866591423709,1.6912087841580483,,0.9074906977324368,0.9996817006509184,Fold case mean; NaN excluded
BraTS2021,Fold,2,checkpoint_best.pth,1101,drop_t1,FLAIR+T1ce+T2,T1,1,WT,250,250,0.9329882461067324,0.8827068860393553,1.3641795135005987,,0.9058317945068892,0.9978542712327718,Fold case mean; NaN excluded
BraTS2021,Fold,2,checkpoint_best.pth,1101,drop_t1,FLAIR+T1ce+T2,T1,1,TC,250,250,0.9187559302852988,0.8700688217489568,1.561822281582292,,0.9058317945068892,0.9978542712327718,Fold case mean; NaN excluded
BraTS2021,Fold,2,checkpoint_best.pth,1101,drop_t1,FLAIR+T1ce+T2,T1,1,ET,250,250,0.8657512071286368,0.796974518519774,1.9974087818123385,,0.9058317945068892,0.9978542712327718,Fold case mean; NaN excluded
BraTS2021,Fold,2,checkpoint_best.pth,1011,drop_t1ce,FLAIR+T1+T2,T1ce,1,WT,250,250,0.9248424288787662,0.8692493606888788,1.730328617365132,,0.7778467065206875,0.8568673159552131,Fold case mean; NaN excluded
BraTS2021,Fold,2,checkpoint_best.pth,1011,drop_t1ce,FLAIR+T1+T2,T1ce,1,TC,250,250,0.7802880671522971,0.674001433754684,4.927111504301704,,0.7778467065206875,0.8568673159552131,Fold case mean; NaN excluded
BraTS2021,Fold,2,checkpoint_best.pth,1011,drop_t1ce,FLAIR+T1+T2,T1ce,1,ET,250,250,0.6284096235309994,0.4876193893186447,6.024022587316649,,0.7778467065206875,0.8568673159552131,Fold case mean; NaN excluded
BraTS2021,Fold,2,checkpoint_best.pth,0111,drop_flair,T1ce+T1+T2,FLAIR,1,WT,250,250,0.9016340160106558,0.8310625190274252,2.291544112643783,,0.8923175410990315,0.9829671193715436,Fold case mean; NaN excluded
BraTS2021,Fold,2,checkpoint_best.pth,0111,drop_flair,T1ce+T1+T2,FLAIR,1,TC,250,250,0.9143722694781288,0.8643414706223054,1.4342782063532775,,0.8923175410990315,0.9829671193715436,Fold case mean; NaN excluded
BraTS2021,Fold,2,checkpoint_best.pth,0111,drop_flair,T1ce+T1+T2,FLAIR,1,ET,250,250,0.8609463378083099,0.7915948748422919,1.8769104856159,,0.8923175410990315,0.9829671193715436,Fold case mean; NaN excluded
BraTS2021,Fold,2,checkpoint_best.pth,1111,none,FLAIR+T1ce+T1+T2,none,0,WT,250,250,0.933737910776078,0.8840175263936627,1.2482452678279337,,0.9077796434020412,1,Fold case mean; NaN excluded
BraTS2021,Fold,2,checkpoint_best.pth,1111,none,FLAIR+T1ce+T1+T2,none,0,TC,250,250,0.920121486109541,0.8720794066548959,1.4267013029208266,,0.9077796434020412,1,Fold case mean; NaN excluded
BraTS2021,Fold,2,checkpoint_best.pth,1111,none,FLAIR+T1ce+T1+T2,none,0,ET,250,250,0.8694795333205048,0.8022814145498074,1.8011237810134073,,0.9077796434020412,1,Fold case mean; NaN excluded
BraTS2021,Fold,3,checkpoint_best.pth,1000,drop_t1_t1ce_t2,FLAIR,T1ce+T1+T2,3,WT,250,250,0.9146389866690524,0.8515125708654674,2.1401461773283663,,0.7233294044163476,0.795612626429182,Fold case mean; NaN excluded
BraTS2021,Fold,3,checkpoint_best.pth,1000,drop_t1_t1ce_t2,FLAIR,T1ce+T1+T2,3,TC,250,250,0.7150787303276852,0.5938214634767964,6.310839719464556,,0.7233294044163476,0.795612626429182,Fold case mean; NaN excluded
BraTS2021,Fold,3,checkpoint_best.pth,1000,drop_t1_t1ce_t2,FLAIR,T1ce+T1+T2,3,ET,250,250,0.5402704962523053,0.3985154584029387,6.551381266642715,,0.7233294044163476,0.795612626429182,Fold case mean; NaN excluded
BraTS2021,Fold,3,checkpoint_best.pth,0100,drop_t1_t2_flair,T1ce,FLAIR+T1+T2,3,WT,250,250,0.789349201389726,0.672124052962502,6.704790026409212,,0.841553664332281,0.9256511861297368,Fold case mean; NaN excluded
BraTS2021,Fold,3,checkpoint_best.pth,0100,drop_t1_t2_flair,T1ce,FLAIR+T1+T2,3,TC,250,250,0.891403841286183,0.8301188834272337,2.274128269434431,,0.841553664332281,0.9256511861297368,Fold case mean; NaN excluded
BraTS2021,Fold,3,checkpoint_best.pth,0100,drop_t1_t2_flair,T1ce,FLAIR+T1+T2,3,ET,250,250,0.8439079503209337,0.7647826516604016,1.821113637186392,,0.841553664332281,0.9256511861297368,Fold case mean; NaN excluded
BraTS2021,Fold,3,checkpoint_best.pth,0010,drop_t1ce_t2_flair,T1,FLAIR+T1ce+T2,3,WT,250,250,0.7874416760557204,0.6664884385296921,7.689147697568334,,0.6484909608580943,0.7132954825750639,Fold case mean; NaN excluded
BraTS2021,Fold,3,checkpoint_best.pth,0010,drop_t1ce_t2_flair,T1,FLAIR+T1ce+T2,3,TC,250,250,0.6713730877346682,0.5457280421795456,8.831349465899212,,0.6484909608580943,0.7132954825750639,Fold case mean; NaN excluded
BraTS2021,Fold,3,checkpoint_best.pth,0010,drop_t1ce_t2_flair,T1,FLAIR+T1ce+T2,3,ET,250,250,0.4866581187838944,0.3470969559794016,9.767447323270172,,0.6484909608580943,0.7132954825750639,Fold case mean; NaN excluded
BraTS2021,Fold,3,checkpoint_best.pth,0001,drop_t1_t1ce_flair,T2,FLAIR+T1ce+T1,3,WT,250,250,0.8770408180945564,0.7917845566931023,3.616136060660396,,0.7162809906385625,0.7878598557500636,Fold case mean; NaN excluded
BraTS2021,Fold,3,checkpoint_best.pth,0001,drop_t1_t1ce_flair,T2,FLAIR+T1ce+T1,3,TC,250,250,0.7167643573499343,0.5969216694694758,6.588434240002991,,0.7162809906385625,0.7878598557500636,Fold case mean; NaN excluded
BraTS2021,Fold,3,checkpoint_best.pth,0001,drop_t1_t1ce_flair,T2,FLAIR+T1ce+T1,3,ET,250,250,0.5550377964711968,0.4129210024279905,7.112329863681514,,0.7162809906385625,0.7878598557500636,Fold case mean; NaN excluded
BraTS2021,Fold,3,checkpoint_best.pth,1100,drop_t1_t2,FLAIR+T1ce,T1+T2,2,WT,250,250,0.9289626819995528,0.8743100904318655,1.6361247488356354,,0.901794434749224,0.99191189290719,Fold case mean; NaN excluded
BraTS2021,Fold,3,checkpoint_best.pth,1100,drop_t1_t2,FLAIR+T1ce,T1+T2,2,TC,250,250,0.9141793238549089,0.8603782715155315,1.4519136588813075,,0.901794434749224,0.99191189290719,Fold case mean; NaN excluded
BraTS2021,Fold,3,checkpoint_best.pth,1100,drop_t1_t2,FLAIR+T1ce,T1+T2,2,ET,250,250,0.8622412983932107,0.7908526179254901,1.2436406024828222,,0.901794434749224,0.99191189290719,Fold case mean; NaN excluded
BraTS2021,Fold,3,checkpoint_best.pth,1010,drop_t1ce_t2,FLAIR+T1,T1ce+T2,2,WT,250,250,0.9224655656527648,0.8638019025309078,1.7849367969073746,,0.755990377571717,0.8315374519308413,Fold case mean; NaN excluded
BraTS2021,Fold,3,checkpoint_best.pth,1010,drop_t1ce_t2,FLAIR+T1,T1ce+T2,2,TC,250,250,0.7597706330467274,0.6465729833915684,4.748163839098149,,0.755990377571717,0.8315374519308413,Fold case mean; NaN excluded
BraTS2021,Fold,3,checkpoint_best.pth,1010,drop_t1ce_t2,FLAIR+T1,T1ce+T2,2,ET,250,250,0.5857349340156586,0.443167275241783,5.439104039415407,,0.755990377571717,0.8315374519308413,Fold case mean; NaN excluded
BraTS2021,Fold,3,checkpoint_best.pth,1001,drop_t1_t1ce,FLAIR+T2,T1ce+T1,2,WT,250,250,0.927256972704809,0.8708446989690719,1.6354757493643597,,0.761538496933555,0.8376400018759472,Fold case mean; NaN excluded
BraTS2021,Fold,3,checkpoint_best.pth,1001,drop_t1_t1ce,FLAIR+T2,T1ce+T1,2,TC,250,250,0.7559417693960888,0.6419408764729663,5.209942270688854,,0.761538496933555,0.8376400018759472,Fold case mean; NaN excluded
BraTS2021,Fold,3,checkpoint_best.pth,1001,drop_t1_t1ce,FLAIR+T2,T1ce+T1,2,ET,250,250,0.6014167486997672,0.4601905931559792,5.743399971597965,,0.761538496933555,0.8376400018759472,Fold case mean; NaN excluded
BraTS2021,Fold,3,checkpoint_best.pth,0110,drop_t2_flair,T1ce+T1,FLAIR+T2,2,WT,250,250,0.8247548172441083,0.7146197107318653,4.931565392557795,,0.8638833541484122,0.9502123100844532,Fold case mean; NaN excluded
BraTS2021,Fold,3,checkpoint_best.pth,0110,drop_t2_flair,T1ce+T1,FLAIR+T2,2,TC,250,250,0.90963350428253,0.8543356740119702,1.640263194454758,,0.8638833541484122,0.9502123100844532,Fold case mean; NaN excluded
BraTS2021,Fold,3,checkpoint_best.pth,0110,drop_t2_flair,T1ce+T1,FLAIR+T2,2,ET,250,250,0.8572617409185984,0.7836881613966543,1.4462461733552694,,0.8638833541484122,0.9502123100844532,Fold case mean; NaN excluded
BraTS2021,Fold,3,checkpoint_best.pth,0101,drop_t1_flair,T1ce+T2,FLAIR+T1,2,WT,250,250,0.8983329350612523,0.8232618467630257,2.132220682142293,,0.8916239239495992,0.9807250301030362,Fold case mean; NaN excluded
BraTS2021,Fold,3,checkpoint_best.pth,0101,drop_t1_flair,T1ce+T2,FLAIR+T1,2,TC,250,250,0.9146668327620656,0.8625749447483925,1.3793599239801395,,0.8916239239495992,0.9807250301030362,Fold case mean; NaN excluded
BraTS2021,Fold,3,checkpoint_best.pth,0101,drop_t1_flair,T1ce+T2,FLAIR+T1,2,ET,250,250,0.8618720040254798,0.7899340845171383,1.2400189244051043,,0.8916239239495992,0.9807250301030362,Fold case mean; NaN excluded
BraTS2021,Fold,3,checkpoint_best.pth,0011,drop_t1ce_flair,T1+T2,FLAIR+T1ce,2,WT,250,250,0.8928098921208532,0.8147121584792864,2.5645396893607764,,0.7342572913848482,0.8076325509604477,Fold case mean; NaN excluded
BraTS2021,Fold,3,checkpoint_best.pth,0011,drop_t1ce_flair,T1+T2,FLAIR+T1ce,2,TC,250,250,0.7376411862629304,0.620862219290383,5.702929812525772,,0.7342572913848482,0.8076325509604477,Fold case mean; NaN excluded
BraTS2021,Fold,3,checkpoint_best.pth,0011,drop_t1ce_flair,T1+T2,FLAIR+T1ce,2,ET,250,250,0.5723207957707608,0.4295774328456702,6.551100014684954,,0.7342572913848482,0.8076325509604477,Fold case mean; NaN excluded
BraTS2021,Fold,3,checkpoint_best.pth,1110,drop_t2,FLAIR+T1ce+T1,T2,1,WT,250,250,0.9303388188466108,0.8766793998435526,1.948560187979375,,0.9060692972747462,0.99661394785033,Fold case mean; NaN excluded
BraTS2021,Fold,3,checkpoint_best.pth,1110,drop_t2,FLAIR+T1ce+T1,T2,1,TC,250,250,0.9197176728640002,0.869586124702608,1.201880504781795,,0.9060692972747462,0.99661394785033,Fold case mean; NaN excluded
BraTS2021,Fold,3,checkpoint_best.pth,1110,drop_t2,FLAIR+T1ce+T1,T2,1,ET,250,250,0.8681514001136273,0.8000595425034424,1.1278637418372688,,0.9060692972747462,0.99661394785033,Fold case mean; NaN excluded
BraTS2021,Fold,3,checkpoint_best.pth,1101,drop_t1,FLAIR+T1ce+T2,T1,1,WT,250,250,0.93585569421169,0.8857875390664053,1.6681545519644183,,0.9073461933963164,0.9980184458159276,Fold case mean; NaN excluded
BraTS2021,Fold,3,checkpoint_best.pth,1101,drop_t1,FLAIR+T1ce+T2,T1,1,TC,250,250,0.9177945336665578,0.8666634434477042,1.7328868928232828,,0.9073461933963164,0.9980184458159276,Fold case mean; NaN excluded
BraTS2021,Fold,3,checkpoint_best.pth,1101,drop_t1,FLAIR+T1ce+T2,T1,1,ET,250,250,0.8683883523107013,0.7979359068981389,1.6313924354522795,,0.9073461933963164,0.9980184458159276,Fold case mean; NaN excluded
BraTS2021,Fold,3,checkpoint_best.pth,1011,drop_t1ce,FLAIR+T1+T2,T1ce,1,WT,250,250,0.9293149079618078,0.8745385801503066,1.5835455870267938,,0.7705516694312372,0.8475538720982236,Fold case mean; NaN excluded
BraTS2021,Fold,3,checkpoint_best.pth,1011,drop_t1ce,FLAIR+T1+T2,T1ce,1,TC,250,250,0.769688831596688,0.6592018214406549,4.51530320094124,,0.7705516694312372,0.8475538720982236,Fold case mean; NaN excluded
BraTS2021,Fold,3,checkpoint_best.pth,1011,drop_t1ce,FLAIR+T1+T2,T1ce,1,ET,250,250,0.6126512687352158,0.4724949006659443,5.198932861126212,,0.7705516694312372,0.8475538720982236,Fold case mean; NaN excluded
BraTS2021,Fold,3,checkpoint_best.pth,0111,drop_flair,T1ce+T1+T2,FLAIR,1,WT,250,250,0.904352378648344,0.8320860078087353,1.948968269477092,,0.8982380142602397,0.9880000748217486,Fold case mean; NaN excluded
BraTS2021,Fold,3,checkpoint_best.pth,0111,drop_flair,T1ce+T1+T2,FLAIR,1,TC,250,250,0.9191569518231172,0.8691284562657738,1.288453405341878,,0.8982380142602397,0.9880000748217486,Fold case mean; NaN excluded
BraTS2021,Fold,3,checkpoint_best.pth,0111,drop_flair,T1ce+T1+T2,FLAIR,1,ET,250,250,0.8712047123092581,0.8020870123326123,1.1720985178808434,,0.8982380142602397,0.9880000748217486,Fold case mean; NaN excluded
BraTS2021,Fold,3,checkpoint_best.pth,1111,none,FLAIR+T1ce+T1+T2,none,0,WT,250,250,0.9366739727835264,0.8872350227623932,1.4234204026193007,,0.9091477188625684,1,Fold case mean; NaN excluded
BraTS2021,Fold,3,checkpoint_best.pth,1111,none,FLAIR+T1ce+T1+T2,none,0,TC,250,250,0.9216980210562284,0.8733916360795463,1.2048865583720711,,0.9091477188625684,1,Fold case mean; NaN excluded
BraTS2021,Fold,3,checkpoint_best.pth,1111,none,FLAIR+T1ce+T1+T2,none,0,ET,250,250,0.8690711627479507,0.8017405909507552,1.1213352335407227,,0.9091477188625684,1,Fold case mean; NaN excluded
BraTS2021,Fold,4,checkpoint_best.pth,1000,drop_t1_t1ce_t2,FLAIR,T1ce+T1+T2,3,WT,250,250,0.9128636972689742,0.8467962195426539,2.124774530302102,,0.7296595233536061,0.8067546659764928,Fold case mean; NaN excluded
BraTS2021,Fold,4,checkpoint_best.pth,1000,drop_t1_t1ce_t2,FLAIR,T1ce+T1+T2,3,TC,250,250,0.7235661950389378,0.6046596488061063,7.043424100237561,,0.7296595233536061,0.8067546659764928,Fold case mean; NaN excluded
BraTS2021,Fold,4,checkpoint_best.pth,1000,drop_t1_t1ce_t2,FLAIR,T1ce+T1+T2,3,ET,250,250,0.5525486777529061,0.4117336095669274,8.179127974113522,,0.7296595233536061,0.8067546659764928,Fold case mean; NaN excluded
BraTS2021,Fold,4,checkpoint_best.pth,0100,drop_t1_t2_flair,T1ce,FLAIR+T1+T2,3,WT,250,250,0.79678589764488,0.6800835512021279,5.648244272504735,,0.8374053671112768,0.9258848347866788,Fold case mean; NaN excluded
BraTS2021,Fold,4,checkpoint_best.pth,0100,drop_t1_t2_flair,T1ce,FLAIR+T1+T2,3,TC,250,250,0.8838854636819842,0.8202220904046367,2.879888910914429,,0.8374053671112768,0.9258848347866788,Fold case mean; NaN excluded
BraTS2021,Fold,4,checkpoint_best.pth,0100,drop_t1_t2_flair,T1ce,FLAIR+T1+T2,3,ET,250,250,0.831544740006966,0.7524210053056649,2.861063943505681,,0.8374053671112768,0.9258848347866788,Fold case mean; NaN excluded
BraTS2021,Fold,4,checkpoint_best.pth,0010,drop_t1ce_t2_flair,T1,FLAIR+T1ce+T2,3,WT,250,250,0.7803054712888526,0.659603724503515,7.506027135680972,,0.6518940910574101,0.7207726108553795,Fold case mean; NaN excluded
BraTS2021,Fold,4,checkpoint_best.pth,0010,drop_t1ce_t2_flair,T1,FLAIR+T1ce+T2,3,TC,250,250,0.6739286276763857,0.5484401357747363,8.983647964435455,,0.6518940910574101,0.7207726108553795,Fold case mean; NaN excluded
BraTS2021,Fold,4,checkpoint_best.pth,0010,drop_t1ce_t2_flair,T1,FLAIR+T1ce+T2,3,ET,250,250,0.5014481742069922,0.3620421503357252,10.077413360997406,,0.6518940910574101,0.7207726108553795,Fold case mean; NaN excluded
BraTS2021,Fold,4,checkpoint_best.pth,0001,drop_t1_t1ce_flair,T2,FLAIR+T1ce+T1,3,WT,250,250,0.8797170801782208,0.7949292630194097,3.3386500751920605,,0.713580093957975,0.788976299113626,Fold case mean; NaN excluded
BraTS2021,Fold,4,checkpoint_best.pth,0001,drop_t1_t1ce_flair,T2,FLAIR+T1ce+T1,3,TC,250,250,0.7144690955778678,0.5960998500377777,6.914378969962845,,0.713580093957975,0.788976299113626,Fold case mean; NaN excluded
BraTS2021,Fold,4,checkpoint_best.pth,0001,drop_t1_t1ce_flair,T2,FLAIR+T1ce+T1,3,ET,250,250,0.5465541061178363,0.4063743394503107,7.732511613202492,,0.713580093957975,0.788976299113626,Fold case mean; NaN excluded
BraTS2021,Fold,4,checkpoint_best.pth,1100,drop_t1_t2,FLAIR+T1ce,T1+T2,2,WT,250,250,0.9269925436325104,0.8707479865031748,1.5017297574313462,,0.8946877057754633,0.9892195717650692,Fold case mean; NaN excluded
BraTS2021,Fold,4,checkpoint_best.pth,1100,drop_t1_t2,FLAIR+T1ce,T1+T2,2,TC,250,250,0.8999608916393393,0.8426137952329088,1.8087187478783504,,0.8946877057754633,0.9892195717650692,Fold case mean; NaN excluded
BraTS2021,Fold,4,checkpoint_best.pth,1100,drop_t1_t2,FLAIR+T1ce,T1+T2,2,ET,250,250,0.8571096820545402,0.7831830568076334,1.9075101101555905,,0.8946877057754633,0.9892195717650692,Fold case mean; NaN excluded
BraTS2021,Fold,4,checkpoint_best.pth,1010,drop_t1ce_t2,FLAIR+T1,T1ce+T2,2,WT,250,250,0.9224930698774964,0.8624290618825642,2.009443206371796,,0.7581128363437605,0.8382143293984041,Fold case mean; NaN excluded
BraTS2021,Fold,4,checkpoint_best.pth,1010,drop_t1ce_t2,FLAIR+T1,T1ce+T2,2,TC,250,250,0.759804224501592,0.6464995623098275,5.707334759144571,,0.7581128363437605,0.8382143293984041,Fold case mean; NaN excluded
BraTS2021,Fold,4,checkpoint_best.pth,1010,drop_t1ce_t2,FLAIR+T1,T1ce+T2,2,ET,250,250,0.5920412146521928,0.4518526082380401,6.95891642216111,,0.7581128363437605,0.8382143293984041,Fold case mean; NaN excluded
BraTS2021,Fold,4,checkpoint_best.pth,1001,drop_t1_t1ce,FLAIR+T2,T1ce+T1,2,WT,250,250,0.9285448977284372,0.8714008483353978,1.3011869539206833,,0.7640192166006224,0.8447447722676403,Fold case mean; NaN excluded
BraTS2021,Fold,4,checkpoint_best.pth,1001,drop_t1_t1ce,FLAIR+T2,T1ce+T1,2,TC,250,250,0.761418032602287,0.6503998440679333,5.226007988197679,,0.7640192166006224,0.8447447722676403,Fold case mean; NaN excluded
BraTS2021,Fold,4,checkpoint_best.pth,1001,drop_t1_t1ce,FLAIR+T2,T1ce+T1,2,ET,250,250,0.602094719471143,0.463750691099784,6.30497750529683,,0.7640192166006224,0.8447447722676403,Fold case mean; NaN excluded
BraTS2021,Fold,4,checkpoint_best.pth,0110,drop_t2_flair,T1ce+T1,FLAIR+T2,2,WT,250,250,0.818429165809149,0.7086856754138534,4.975499421058192,,0.855666789983804,0.9460757425159017,Fold case mean; NaN excluded
BraTS2021,Fold,4,checkpoint_best.pth,0110,drop_t2_flair,T1ce+T1,FLAIR+T2,2,TC,250,250,0.8993360131487983,0.8400546319518738,2.81530882464494,,0.855666789983804,0.9460757425159017,Fold case mean; NaN excluded
BraTS2021,Fold,4,checkpoint_best.pth,0110,drop_t2_flair,T1ce+T1,FLAIR+T2,2,ET,250,250,0.8492351909934646,0.773269300183051,2.638412349598271,,0.855666789983804,0.9460757425159017,Fold case mean; NaN excluded
BraTS2021,Fold,4,checkpoint_best.pth,0101,drop_t1_flair,T1ce+T2,FLAIR+T1,2,WT,250,250,0.8980044472973336,0.821659361578857,2.5278196133620323,,0.8848842795024608,0.9783803246434106,Fold case mean; NaN excluded
BraTS2021,Fold,4,checkpoint_best.pth,0101,drop_t1_flair,T1ce+T2,FLAIR+T1,2,TC,250,250,0.9035268426923062,0.8461947103060273,1.8014944481120847,,0.8848842795024608,0.9783803246434106,Fold case mean; NaN excluded
BraTS2021,Fold,4,checkpoint_best.pth,0101,drop_t1_flair,T1ce+T2,FLAIR+T1,2,ET,250,250,0.8531215485177427,0.7790205626829129,2.003609908010403,,0.8848842795024608,0.9783803246434106,Fold case mean; NaN excluded
BraTS2021,Fold,4,checkpoint_best.pth,0011,drop_t1ce_flair,T1+T2,FLAIR+T1ce,2,WT,250,250,0.8859384922728939,0.8061254222893566,3.077955947549082,,0.7306879171984667,0.8078917189529135,Fold case mean; NaN excluded
BraTS2021,Fold,4,checkpoint_best.pth,0011,drop_t1ce_flair,T1+T2,FLAIR+T1ce,2,TC,250,250,0.7360063294508605,0.6198421424301844,6.05813869903087,,0.7306879171984667,0.8078917189529135,Fold case mean; NaN excluded
BraTS2021,Fold,4,checkpoint_best.pth,0011,drop_t1ce_flair,T1+T2,FLAIR+T1ce,2,ET,250,250,0.5701189298716456,0.4289386675902566,7.239354925772536,,0.7306879171984667,0.8078917189529135,Fold case mean; NaN excluded
BraTS2021,Fold,4,checkpoint_best.pth,1110,drop_t2,FLAIR+T1ce+T1,T2,1,WT,250,250,0.9295351331698182,0.8746104172899379,1.5651619521884663,,0.902006669765702,0.9973118506434434,Fold case mean; NaN excluded
BraTS2021,Fold,4,checkpoint_best.pth,1110,drop_t2,FLAIR+T1ce+T1,T2,1,TC,250,250,0.911545263638733,0.8587846026054472,1.2483959890551242,,0.902006669765702,0.9973118506434434,Fold case mean; NaN excluded
BraTS2021,Fold,4,checkpoint_best.pth,1110,drop_t2,FLAIR+T1ce+T1,T2,1,ET,250,250,0.864939612488555,0.7939431661259921,1.5439084972115542,,0.902006669765702,0.9973118506434434,Fold case mean; NaN excluded
BraTS2021,Fold,4,checkpoint_best.pth,1101,drop_t1,FLAIR+T1ce+T2,T1,1,WT,250,250,0.9368009940881596,0.8858289643482926,1.284947444098074,,0.8996540768541473,0.9947106849657632,Fold case mean; NaN excluded
BraTS2021,Fold,4,checkpoint_best.pth,1101,drop_t1,FLAIR+T1ce+T2,T1,1,TC,250,250,0.9064796489937532,0.8511828986939207,1.5303071438236686,,0.8996540768541473,0.9947106849657632,Fold case mean; NaN excluded
BraTS2021,Fold,4,checkpoint_best.pth,1101,drop_t1,FLAIR+T1ce+T2,T1,1,ET,250,250,0.8556815874805288,0.7829634326148983,1.690798635227615,,0.8996540768541473,0.9947106849657632,Fold case mean; NaN excluded
BraTS2021,Fold,4,checkpoint_best.pth,1011,drop_t1ce,FLAIR+T1+T2,T1ce,1,WT,250,250,0.93029305029914,0.8746680929802975,1.445461292341824,,0.7730025167476895,0.8546772395041454,Fold case mean; NaN excluded
BraTS2021,Fold,4,checkpoint_best.pth,1011,drop_t1ce,FLAIR+T1+T2,T1ce,1,TC,250,250,0.7733113748067044,0.6641731906039676,5.0285883912910165,,0.7730025167476895,0.8546772395041454,Fold case mean; NaN excluded
BraTS2021,Fold,4,checkpoint_best.pth,1011,drop_t1ce,FLAIR+T1+T2,T1ce,1,ET,250,250,0.6154031251372242,0.4782024349640181,6.120675498364233,,0.7730025167476895,0.8546772395041454,Fold case mean; NaN excluded
BraTS2021,Fold,4,checkpoint_best.pth,0111,drop_flair,T1ce+T1+T2,FLAIR,1,WT,250,250,0.901159799339782,0.8270050172666977,2.367685431503374,,0.8897652765429086,0.9837770432648578,Fold case mean; NaN excluded
BraTS2021,Fold,4,checkpoint_best.pth,0111,drop_flair,T1ce+T1+T2,FLAIR,1,TC,250,250,0.9109568371771348,0.8566256086529863,1.4156906982984427,,0.8897652765429086,0.9837770432648578,Fold case mean; NaN excluded
BraTS2021,Fold,4,checkpoint_best.pth,0111,drop_flair,T1ce+T1+T2,FLAIR,1,ET,250,250,0.8571791931118087,0.7848836456930063,1.7901262194609604,,0.8897652765429086,0.9837770432648578,Fold case mean; NaN excluded
BraTS2021,Fold,4,checkpoint_best.pth,1111,none,FLAIR+T1ce+T1+T2,none,0,WT,250,250,0.9375206617687664,0.8872446990938535,1.372008730381682,,0.9044379340160728,1,Fold case mean; NaN excluded
BraTS2021,Fold,4,checkpoint_best.pth,1111,none,FLAIR+T1ce+T1+T2,none,0,TC,250,250,0.9135961510891903,0.8613069026037913,1.189925033326032,,0.9044379340160728,1,Fold case mean; NaN excluded
BraTS2021,Fold,4,checkpoint_best.pth,1111,none,FLAIR+T1ce+T1+T2,none,0,ET,250,250,0.8621969891902619,0.7917468991755644,1.4448708742109837,,0.9044379340160728,1,Fold case mean; NaN excluded
BraTS2021,5-fold OOF pooled,all,checkpoint_best.pth,1000,drop_t1_t1ce_t2,FLAIR,T1ce+T1+T2,3,WT,1251,1251,0.9117278728369668,0.8463655535349252,2.2051832856347198,,0.7314513022809243,0.8082752537152046,Pooled OOF case mean; NaN excluded
BraTS2021,5-fold OOF pooled,all,checkpoint_best.pth,1000,drop_t1_t1ce_t2,FLAIR,T1ce+T1+T2,3,TC,1251,1251,0.7306805222967719,0.6105212145781519,6.120526043650493,,0.7314513022809243,0.8082752537152046,Pooled OOF case mean; NaN excluded
BraTS2021,5-fold OOF pooled,all,checkpoint_best.pth,1000,drop_t1_t1ce_t2,FLAIR,T1ce+T1+T2,3,ET,1251,1251,0.5519455117090343,0.4093984571738738,7.262523642456775,,0.7314513022809243,0.8082752537152046,Pooled OOF case mean; NaN excluded
BraTS2021,5-fold OOF pooled,all,checkpoint_best.pth,0100,drop_t1_t2_flair,T1ce,FLAIR+T1+T2,3,WT,1251,1251,0.7875759934042516,0.671009247159376,6.796778526067222,,0.8365877712465188,0.9244541515623906,Pooled OOF case mean; NaN excluded
BraTS2021,5-fold OOF pooled,all,checkpoint_best.pth,0100,drop_t1_t2_flair,T1ce,FLAIR+T1+T2,3,TC,1251,1251,0.8843640782126235,0.8238239408569782,3.1581080760518594,,0.8365877712465188,0.9244541515623906,Pooled OOF case mean; NaN excluded
BraTS2021,5-fold OOF pooled,all,checkpoint_best.pth,0100,drop_t1_t2_flair,T1ce,FLAIR+T1+T2,3,ET,1251,1251,0.8378232421226814,0.7594003426099666,3.171755374647147,,0.8365877712465188,0.9244541515623906,Pooled OOF case mean; NaN excluded
BraTS2021,5-fold OOF pooled,all,checkpoint_best.pth,0010,drop_t1ce_t2_flair,T1,FLAIR+T1ce+T2,3,WT,1251,1251,0.7795498734036896,0.6594348636414488,7.78392103220769,,0.6532575842781676,0.7218688900098875,Pooled OOF case mean; NaN excluded
BraTS2021,5-fold OOF pooled,all,checkpoint_best.pth,0010,drop_t1ce_t2_flair,T1,FLAIR+T1ce+T2,3,TC,1251,1251,0.6804324461161836,0.5549700921481961,8.807652746420077,,0.6532575842781676,0.7218688900098875,Pooled OOF case mean; NaN excluded
BraTS2021,5-fold OOF pooled,all,checkpoint_best.pth,0010,drop_t1ce_t2_flair,T1,FLAIR+T1ce+T2,3,ET,1251,1251,0.4997904333146295,0.3594555323729817,10.00625988278181,,0.6532575842781676,0.7218688900098875,Pooled OOF case mean; NaN excluded
BraTS2021,5-fold OOF pooled,all,checkpoint_best.pth,0001,drop_t1_t1ce_flair,T2,FLAIR+T1ce+T1,3,WT,1251,1251,0.8757757126912501,0.7905261865851136,3.5633418931151075,,0.7182005013137914,0.7936327279855484,Pooled OOF case mean; NaN excluded
BraTS2021,5-fold OOF pooled,all,checkpoint_best.pth,0001,drop_t1_t1ce_flair,T2,FLAIR+T1ce+T1,3,TC,1251,1251,0.7226329218225432,0.6026973094901021,6.522497913172835,,0.7182005013137914,0.7936327279855484,Pooled OOF case mean; NaN excluded
BraTS2021,5-fold OOF pooled,all,checkpoint_best.pth,0001,drop_t1_t1ce_flair,T2,FLAIR+T1ce+T1,3,ET,1251,1251,0.5561928694275813,0.4131478389225183,7.5342608645078695,,0.7182005013137914,0.7936327279855484,Pooled OOF case mean; NaN excluded
BraTS2021,5-fold OOF pooled,all,checkpoint_best.pth,1100,drop_t1_t2,FLAIR+T1ce,T1+T2,2,WT,1251,1251,0.9255851753351904,0.8691512366021845,1.9767928337290124,,0.8979273615463237,0.9922362072614587,Pooled OOF case mean; NaN excluded
BraTS2021,5-fold OOF pooled,all,checkpoint_best.pth,1100,drop_t1_t2,FLAIR+T1ce,T1+T2,2,TC,1251,1251,0.9082961971088052,0.8540649303412404,1.6111586676207006,,0.8979273615463237,0.9922362072614587,Pooled OOF case mean; NaN excluded
BraTS2021,5-fold OOF pooled,all,checkpoint_best.pth,1100,drop_t1_t2,FLAIR+T1ce,T1+T2,2,ET,1251,1251,0.8599007121949755,0.7878635151270724,1.9107370519413438,,0.8979273615463237,0.9922362072614587,Pooled OOF case mean; NaN excluded
BraTS2021,5-fold OOF pooled,all,checkpoint_best.pth,1010,drop_t1ce_t2,FLAIR+T1,T1ce+T2,2,WT,1251,1251,0.9207571118445997,0.8609777128430802,2.015130384173852,,0.7604825475920644,0.8403556356850734,Pooled OOF case mean; NaN excluded
BraTS2021,5-fold OOF pooled,all,checkpoint_best.pth,1010,drop_t1ce_t2,FLAIR+T1,T1ce+T2,2,TC,1251,1251,0.7661335982187246,0.6537297783277597,5.010085923365389,,0.7604825475920644,0.8403556356850734,Pooled OOF case mean; NaN excluded
BraTS2021,5-fold OOF pooled,all,checkpoint_best.pth,1010,drop_t1ce_t2,FLAIR+T1,T1ce+T2,2,ET,1251,1251,0.5945569327128688,0.4525381795294487,6.228347951170427,,0.7604825475920644,0.8403556356850734,Pooled OOF case mean; NaN excluded
BraTS2021,5-fold OOF pooled,all,checkpoint_best.pth,1001,drop_t1_t1ce,FLAIR+T2,T1ce+T1,2,WT,1251,1251,0.9247913526998477,0.8671317886534973,1.75412866127157,,0.7681175028520775,0.8487924863416346,Pooled OOF case mean; NaN excluded
BraTS2021,5-fold OOF pooled,all,checkpoint_best.pth,1001,drop_t1_t1ce,FLAIR+T2,T1ce+T1,2,TC,1251,1251,0.7682542285349981,0.6567267722434382,4.974560679107791,,0.7681175028520775,0.8487924863416346,Pooled OOF case mean; NaN excluded
BraTS2021,5-fold OOF pooled,all,checkpoint_best.pth,1001,drop_t1_t1ce,FLAIR+T2,T1ce+T1,2,ET,1251,1251,0.6113069273213866,0.47081354964084593,5.947550275138179,,0.7681175028520775,0.8487924863416346,Pooled OOF case mean; NaN excluded
BraTS2021,5-fold OOF pooled,all,checkpoint_best.pth,0110,drop_t2_flair,T1ce+T1,FLAIR+T2,2,WT,1251,1251,0.8165654895462132,0.7075335151032307,5.528143347692104,,0.8569438247873006,0.9469481908634465,Pooled OOF case mean; NaN excluded
BraTS2021,5-fold OOF pooled,all,checkpoint_best.pth,0110,drop_t2_flair,T1ce+T1,FLAIR+T2,2,TC,1251,1251,0.9024490929001766,0.8468426265931893,2.0687726985122192,,0.8569438247873006,0.9469481908634465,Pooled OOF case mean; NaN excluded
BraTS2021,5-fold OOF pooled,all,checkpoint_best.pth,0110,drop_t2_flair,T1ce+T1,FLAIR+T2,2,ET,1251,1251,0.8518168919155122,0.7780118769339701,2.3136503026442545,,0.8569438247873006,0.9469481908634465,Pooled OOF case mean; NaN excluded
BraTS2021,5-fold OOF pooled,all,checkpoint_best.pth,0101,drop_t1_flair,T1ce+T2,FLAIR+T1,2,WT,1251,1251,0.8940857704467695,0.8179224805245182,2.7430548256692835,,0.8847803889821475,0.9777084149781452,Pooled OOF case mean; NaN excluded
BraTS2021,5-fold OOF pooled,all,checkpoint_best.pth,0101,drop_t1_flair,T1ce+T2,FLAIR+T1,2,TC,1251,1251,0.9061648490898535,0.8525249453283209,1.7279026702172138,,0.8847803889821475,0.9777084149781452,Pooled OOF case mean; NaN excluded
BraTS2021,5-fold OOF pooled,all,checkpoint_best.pth,0101,drop_t1_flair,T1ce+T2,FLAIR+T1,2,ET,1251,1251,0.8540905474098195,0.7816350170317973,2.0286074523385684,,0.8847803889821475,0.9777084149781452,Pooled OOF case mean; NaN excluded
BraTS2021,5-fold OOF pooled,all,checkpoint_best.pth,0011,drop_t1ce_flair,T1+T2,FLAIR+T1ce,2,WT,1251,1251,0.8878782075069626,0.8089496640019527,2.876774504413098,,0.7367651676144545,0.8141472315724783,Pooled OOF case mean; NaN excluded
BraTS2021,5-fold OOF pooled,all,checkpoint_best.pth,0011,drop_t1ce_flair,T1+T2,FLAIR+T1ce,2,TC,1251,1251,0.7443961465007543,0.6279566773669812,5.733634839247809,,0.7367651676144545,0.8141472315724783,Pooled OOF case mean; NaN excluded
BraTS2021,5-fold OOF pooled,all,checkpoint_best.pth,0011,drop_t1ce_flair,T1+T2,FLAIR+T1ce,2,ET,1251,1251,0.578021148835647,0.4349997958537352,6.9427123591809465,,0.7367651676144545,0.8141472315724783,Pooled OOF case mean; NaN excluded
BraTS2021,5-fold OOF pooled,all,checkpoint_best.pth,1110,drop_t2,FLAIR+T1ce+T1,T2,1,WT,1251,1251,0.9286162950150343,0.8738493528249899,1.8751898692249214,,0.9026365580067225,0.997440008187035,Pooled OOF case mean; NaN excluded
BraTS2021,5-fold OOF pooled,all,checkpoint_best.pth,1110,drop_t2,FLAIR+T1ce+T1,T2,1,TC,1251,1251,0.9140352273248974,0.8634769740402963,1.4077616290433208,,0.9026365580067225,0.997440008187035,Pooled OOF case mean; NaN excluded
BraTS2021,5-fold OOF pooled,all,checkpoint_best.pth,1110,drop_t2,FLAIR+T1ce+T1,T2,1,ET,1251,1251,0.8652581516802359,0.7965765043055767,1.718182745816908,,0.9026365580067225,0.997440008187035,Pooled OOF case mean; NaN excluded
BraTS2021,5-fold OOF pooled,all,checkpoint_best.pth,1101,drop_t1,FLAIR+T1ce+T2,T1,1,WT,1251,1251,0.9330027275728251,0.8813621606376162,1.608438088786346,,0.9019714619013603,0.9967050573822034,Pooled OOF case mean; NaN excluded
BraTS2021,5-fold OOF pooled,all,checkpoint_best.pth,1101,drop_t1,FLAIR+T1ce+T2,T1,1,TC,1251,1251,0.9118958078552639,0.8599497410772424,1.5990423051548506,,0.9019714619013603,0.9967050573822034,Pooled OOF case mean; NaN excluded
BraTS2021,5-fold OOF pooled,all,checkpoint_best.pth,1101,drop_t1,FLAIR+T1ce+T2,T1,1,ET,1251,1251,0.861015850275992,0.7902111123972441,1.9272959613373726,,0.9019714619013603,0.9967050573822034,Pooled OOF case mean; NaN excluded
BraTS2021,5-fold OOF pooled,all,checkpoint_best.pth,1011,drop_t1ce,FLAIR+T1+T2,T1ce,1,WT,1251,1251,0.9268878558698107,0.8708263638092578,1.648989149773054,,0.7756759643725671,0.857144809160829,Pooled OOF case mean; NaN excluded
BraTS2021,5-fold OOF pooled,all,checkpoint_best.pth,1011,drop_t1ce,FLAIR+T1+T2,T1ce,1,TC,1251,1251,0.7781763834178858,0.6694772688575396,4.699237140493241,,0.7756759643725671,0.857144809160829,Pooled OOF case mean; NaN excluded
BraTS2021,5-fold OOF pooled,all,checkpoint_best.pth,1011,drop_t1ce,FLAIR+T1+T2,T1ce,1,ET,1251,1251,0.6219636538300047,0.4828055760396634,5.769976233192726,,0.7756759643725671,0.857144809160829,Pooled OOF case mean; NaN excluded
BraTS2021,5-fold OOF pooled,all,checkpoint_best.pth,0111,drop_flair,T1ce+T1+T2,FLAIR,1,WT,1251,1251,0.8989303745571326,0.8254508501154196,2.5616863099098226,,0.8903229288366309,0.9838330849228692,Pooled OOF case mean; NaN excluded
BraTS2021,5-fold OOF pooled,all,checkpoint_best.pth,0111,drop_flair,T1ce+T1+T2,FLAIR,1,TC,1251,1251,0.9110186860090294,0.8596641952715401,1.4461746819286407,,0.8903229288366309,0.9838330849228692,Pooled OOF case mean; NaN excluded
BraTS2021,5-fold OOF pooled,all,checkpoint_best.pth,0111,drop_flair,T1ce+T1+T2,FLAIR,1,ET,1251,1251,0.8610197259437307,0.7907956074116533,1.754463905653487,,0.8903229288366309,0.9838330849228692,Pooled OOF case mean; NaN excluded
BraTS2021,5-fold OOF pooled,all,checkpoint_best.pth,1111,none,FLAIR+T1ce+T1+T2,none,0,WT,1251,1251,0.9339431784017875,0.8830198163012407,1.6317606419830097,,0.9049532308688629,1,Pooled OOF case mean; NaN excluded
BraTS2021,5-fold OOF pooled,all,checkpoint_best.pth,1111,none,FLAIR+T1ce+T1+T2,none,0,TC,1251,1251,0.9154544406795083,0.8658351176266788,1.3820478374546665,,0.9049532308688629,1,Pooled OOF case mean; NaN excluded
BraTS2021,5-fold OOF pooled,all,checkpoint_best.pth,1111,none,FLAIR+T1ce+T1+T2,none,0,ET,1251,1251,0.8654620735252931,0.7970502758042848,1.7160778969670356,,0.9049532308688629,1,Pooled OOF case mean; NaN excluded
